Date,Open,High,Low,Close,Volume,Dividends,Stock Splits,Daily_Return,Earnings_Window
2023-09-25 00:00:00-04:00,172.510285906062,175.25342159707597,172.46076787560256,174.37205505371094,46172700,0.0,0.0,,False
2023-09-26 00:00:00-04:00,173.1242507509963,173.50055447022797,169.99489916963813,170.2919921875,64588900,0.0,0.0,-0.0233986051546744,False
2023-09-27 00:00:00-04:00,170.94559986493434,171.3615240971404,167.41023633579258,168.77684020996094,66921800,0.0,0.0,-0.0088973765476347,False
2023-09-28 00:00:00-04:00,167.6974361884009,170.36134620682475,165.99411859544844,169.0343475341797,56294400,0.0,0.0,0.0015257266571551,False
2023-09-29 00:00:00-04:00,170.35142654777866,171.39124466953126,168.68771453081845,169.54928588867188,51861100,0.0,0.0,0.0030463533713942,False
2023-10-02 00:00:00-04:00,169.55919331240622,172.60931959526494,169.2719978061565,172.0646514892578,52164500,0.0,0.0,0.0148356012672183,True
2023-10-03 00:00:00-04:00,170.58908076573104,171.9458021063211,169.1630613901914,170.72772216796875,49594600,0.0,0.0,-0.0077699243262207,True
2023-10-04 00:00:00-04:00,169.43043127173715,172.5201776911012,169.31160010164683,171.9755096435547,53020300,0.0,0.0,0.0073086400951236,True
2023-10-05 00:00:00-04:00,172.10423261632292,173.74813426454526,171.00499899742474,173.21337890625,48527900,0.0,0.0,0.0071979392022794,True
2023-10-06 00:00:00-04:00,172.1141617663429,176.26352163595584,171.5001654241457,175.76837158203125,57266700,0.0,0.0,0.0147505504015605,True
2023-10-09 00:00:00-04:00,175.09493761742715,177.31321501974588,174.09474007424367,177.25379943847656,42390800,0.0,0.0,0.0084510531847992,True
2023-10-10 00:00:00-04:00,176.3724418317021,177.9767230488949,176.22388776036024,176.6596221923828,43698000,0.0,0.0,-0.0033521269951676,True
2023-10-11 00:00:00-04:00,176.4714678376734,178.10547200469523,175.87729686757618,178.0559539794922,47551100,0.0,0.0,0.0079040800030059,True
2023-10-12 00:00:00-04:00,178.3233466007442,180.57131695227565,177.30332359387822,178.95713806152344,56743100,0.0,0.0,0.0050612409295509,True
2023-10-13 00:00:00-04:00,179.6602366589199,180.1652842541005,176.41205364228972,177.11517333984375,51427100,0.0,0.0,-0.0102927703339021,True
2023-10-16 00:00:00-04:00,175.03554253225204,177.3429435766639,174.79786506856496,176.98643493652344,52517000,0.0,0.0,-0.0007268626447565,False
2023-10-17 00:00:00-04:00,174.93650583601004,176.6893412361662,173.1044597256959,175.43165588378906,57549400,0.0,0.0,-0.0087847356962244,False
2023-10-18 00:00:00-04:00,173.87689630601963,175.85749653944856,173.4114540423014,174.13436889648438,54764400,0.0,0.0,-0.0073948283778615,False
2023-10-19 00:00:00-04:00,174.33244800123364,176.114991459484,173.49070186176996,173.75808715820312,59302900,0.0,0.0,-0.0021608700262091,False
2023-10-20 00:00:00-04:00,173.60948564320893,173.718419244541,170.96538653172513,171.20306396484375,64244000,0.0,0.0,-0.0147044850409355,False
2023-10-23 00:00:00-04:00,169.25219112217718,172.32211231863303,168.2816861592976,171.32191467285156,55980100,0.0,0.0,0.0006942090010271,False
2023-10-24 00:00:00-04:00,171.3714282347356,171.98540943587548,169.78694209599936,171.7576446533203,43816600,0.0,0.0,0.0025433405953978,False
2023-10-25 00:00:00-04:00,170.2127862637829,171.38133313025827,168.99470625930118,169.4403533935547,57157000,0.0,0.0,-0.0134916338917134,False
2023-10-26 00:00:00-04:00,168.71740365821697,169.71761631425704,164.06299674951495,165.2711639404297,70625300,0.0,0.0,-0.024605646586686,False
2023-10-27 00:00:00-04:00,165.29099661436564,167.321114882013,165.2117707914918,166.58828735351562,58499100,0.0,0.0,0.0079694689725831,False
2023-10-30 00:00:00-04:00,167.38054373931297,169.50968312123874,167.2319896431063,168.63821411132812,51131000,0.0,0.0,0.0123053474549645,False
2023-10-31 00:00:00-04:00,167.70733154956028,169.24228464861295,166.27138428536674,169.11355590820312,44846000,0.0,0.0,0.0028187074879788,False
2023-11-01 00:00:00-04:00,169.34130885799144,172.53997379429074,168.46983997695696,172.28250122070312,56934900,0.0,0.0,0.0187385647205013,False
2023-11-02 00:00:00-04:00,173.81746191423957,176.05553449603235,173.7580463313888,175.8475799560547,77334800,0.0,0.0,0.0206932144012961,False
2023-11-03 00:00:00-04:00,172.5498813500308,175.10485722122257,171.66851493448934,174.93649291992188,79829200,0.0,0.0,-0.0051811178542263,False
2023-11-06 00:00:00-05:00,174.66912431484397,177.6895273209714,174.50077512285628,177.49147033691406,63841300,0.0,0.0,0.0146051711358003,False
2023-11-07 00:00:00-05:00,177.44195927584823,180.6703471747003,177.23400472320088,180.05636596679688,70530000,0.0,0.0,0.014450810650304,False
2023-11-08 00:00:00-05:00,180.5812114444328,181.67053238037917,179.8285737718667,181.115966796875,49340300,0.0,0.0,0.0058848284779529,False
2023-11-09 00:00:00-05:00,181.18530832204868,182.3340449245472,180.04645416963675,180.64064025878903,53763500,0.0,0.0,-0.002624431995104,False
2023-11-10 00:00:00-05:00,182.425536381392,185.00371491529177,181.98922784820692,184.8351287841797,66133400,0.24,0.0,0.0232200711832151,False
2023-11-13 00:00:00-05:00,184.26000678217753,184.46823531200093,182.6635224872163,183.24856567382812,43627500,0.0,0.0,-0.008583666539947,False
2023-11-14 00:00:00-05:00,186.1242211071054,186.53078271340215,184.7359804157126,185.8664093017578,60108400,0.0,0.0,0.0142857523512041,False
2023-11-15 00:00:00-05:00,186.2729495954029,187.909091303821,186.20353000343164,186.4315948486328,53790500,0.0,0.0,0.0030408159763684,False
2023-11-16 00:00:00-05:00,187.97853127837135,189.35686136039257,187.0662415372727,188.1173553466797,54412900,0.0,0.0,0.0090422468327622,False
2023-11-17 00:00:00-05:00,188.65279989002153,188.78171334674664,186.98691120628507,188.09750366210935,50922700,0.0,0.0,-0.0001055281929396,False
2023-11-20 00:00:00-05:00,188.2958266614519,190.29887250675844,188.2859160609316,189.8427276611328,46505100,0.0,0.0,0.009278294315689,False
2023-11-21 00:00:00-05:00,189.8030754431615,189.91215257469017,188.14709726863617,189.03953552246097,38134500,0.0,0.0,-0.0042308291108499,False
2023-11-22 00:00:00-05:00,189.88241519518988,191.31031344701395,189.2279523730899,189.70391845703125,39617700,0.0,0.0,0.0035145184457532,False
2023-11-24 00:00:00-05:00,189.26759079649733,189.2973377280717,187.66119596873028,188.37515258789065,24048300,0.0,0.0,-0.0070044197291665,False
2023-11-27 00:00:00-05:00,188.3255839995523,189.06928760823715,187.31414285514808,188.19667053222656,40552600,0.0,0.0,-0.0009474819434096,False
2023-11-28 00:00:00-05:00,188.18675406725092,189.47584330827428,187.80993940877175,188.80154418945312,38415400,0.0,0.0,0.0032140507880185,False
2023-11-29 00:00:00-05:00,189.2973512852548,190.47736342450784,187.3835612736981,187.7801971435547,43014200,0.0,0.0,-0.0054096329046628,False
2023-11-30 00:00:00-05:00,188.2462390361622,188.7222202024886,186.61009727764167,188.35531616210935,48794400,0.0,0.0,0.0030627245433927,False
2023-12-01 00:00:00-05:00,188.73214223180457,189.9518118916644,187.6413709062789,189.6345062255859,45704800,0.0,0.0,0.0067913669204622,False
2023-12-04 00:00:00-05:00,188.3850921347099,188.45451173950855,185.87633298186688,187.83970642089844,43389500,0.0,0.0,-0.0094645212013916,False
2023-12-05 00:00:00-05:00,188.61313058416235,192.7679414338868,188.58336852388663,191.79617309570312,66628400,0.0,0.0,0.021062994348699,False
2023-12-06 00:00:00-05:00,192.8175368647406,193.1249319103576,190.4971854261922,190.70542907714844,41089700,0.0,0.0,-0.0056869957358869,False
2023-12-07 00:00:00-05:00,192.0044269286476,193.3629205543118,191.96475426663108,192.63905334472656,47477700,0.0,0.0,0.0101393247005878,False
2023-12-08 00:00:00-05:00,192.56962283922067,194.3446036620394,192.04407357743747,194.06695556640625,53406400,0.0,0.0,0.0074123195524868,False
2023-12-11 00:00:00-05:00,191.48879255742057,191.8656072016425,189.81297812056516,191.5581970214844,60943700,0.0,0.0,-0.0129272834604932,False
2023-12-12 00:00:00-05:00,191.45905774250065,193.08528901898003,190.1104746012234,193.07537841796875,52696900,0.0,0.0,0.0079202112990979,False
2023-12-13 00:00:00-05:00,193.45216455954895,196.3377379763236,193.214189106248,196.2980804443359,70404200,0.0,0.0,0.0166914189306452,False
2023-12-14 00:00:00-05:00,196.3575670696298,197.94412551234103,194.51318172109632,196.44680786132812,66831600,0.0,0.0,0.0007576610869324,False
2023-12-15 00:00:00-05:00,195.87167377464695,196.734365015635,195.34612449787411,195.91134643554688,128538400,0.0,0.0,-0.0027257323832883,False
2023-12-18 00:00:00-05:00,194.4437708037096,194.9792458391617,192.75804576345095,194.24545288085935,55751900,0.0,0.0,-0.0085033030755855,False
2023-12-19 00:00:00-05:00,194.51318587990949,195.29654695271063,194.24544836840315,195.28663635253903,40714100,0.0,0.0,0.0053601433456376,False
2023-12-20 00:00:00-05:00,195.24698053858313,196.0204310779547,193.19436645507812,193.19436645507812,52242800,0.0,0.0,-0.0107138406218636,False
2023-12-21 00:00:00-05:00,194.4537006027836,195.42546903656068,191.87552215973167,193.0456085205078,46482500,0.0,0.0,-0.0007699910577098,False
2023-12-22 00:00:00-05:00,193.54142324239356,193.76950324713707,191.34998504370557,191.9747009277344,37149600,0.0,0.0,-0.0055474330702511,False
2023-12-26 00:00:00-05:00,191.9846022868164,192.2622504150879,191.21115176796184,191.42930603027344,28919300,0.0,0.0,-0.0028409727678974,False
2023-12-27 00:00:00-05:00,190.8739947779816,191.87551008122907,189.48573911500236,191.5284423828125,48087700,0.0,0.0,0.0005178744811591,False
2023-12-28 00:00:00-05:00,192.51014548202977,193.0257841884141,191.5482876644632,191.9548492431641,34049900,0.0,0.0,0.0022263370131694,False
2023-12-29 00:00:00-05:00,192.27214410156537,192.76794644853248,190.1203637314106,190.9136505126953,42672100,0.0,0.0,-0.0054241856070527,False
2024-01-02 00:00:00-05:00,185.5788148528252,186.85799339797137,182.34618895522584,184.0814971923828,82488700,0.0,0.0,-0.0357866150585087,True
2024-01-03 00:00:00-05:00,182.67343910134508,184.3195067154423,181.8900628291485,182.70318603515625,58414500,0.0,0.0,-0.0074875051444529,True
2024-01-04 00:00:00-05:00,180.62078794157884,181.552898769594,179.36146088139282,180.3828125,71983600,0.0,0.0,-0.0127002357512788,True
2024-01-05 00:00:00-05:00,180.46216340525032,181.22568820887324,178.6574354024576,179.65895080566406,62379700,0.0,0.0,-0.0040129194367447,True
2024-01-08 00:00:00-05:00,180.56131218264795,184.04185467153417,179.97626898919978,184.0021820068359,59144500,0.0,0.0,0.0241748667778312,True
2024-01-09 00:00:00-05:00,182.37593441619447,183.5956039593173,181.1959224035276,183.585693359375,42841800,0.0,0.0,-0.0022634984157169,True
2024-01-10 00:00:00-05:00,182.8023278606972,184.8351053395885,182.3759299825551,184.6268768310547,46792900,0.0,0.0,0.0056713758715476,True
2024-01-11 00:00:00-05:00,184.97394287034564,185.4796709750172,182.07845882443647,184.03192138671875,49128400,0.0,0.0,-0.0032224747260408,True
2024-01-12 00:00:00-05:00,184.49797017252533,185.17226924419936,183.63527891547233,184.3591461181641,40477800,0.0,0.0,0.0017780868067867,True
2024-01-16 00:00:00-05:00,180.63073389939075,182.7130948998251,179.41104910197012,182.08839416503903,65603000,0.0,0.0,-0.0123170019005706,False
2024-01-17 00:00:00-05:00,179.748165576659,181.39421767211144,178.78630792829466,181.1463165283203,47317400,0.0,0.0,-0.005173737958636,False
2024-01-18 00:00:00-05:00,184.52771753168437,187.55211493445296,184.26990575318283,187.04640197753903,78005800,0.0,0.0,0.0325708276176641,False
2024-01-19 00:00:00-05:00,187.74052319933503,190.33852272040096,187.23481023986653,189.95179748535156,68903000,0.0,0.0,0.0155330200265566,False
2024-01-22 00:00:00-05:00,190.68558968364889,193.69015075906108,190.64591702187175,192.26223754882812,60133900,0.0,0.0,0.0121632966576941,False
2024-01-23 00:00:00-05:00,193.38275184285897,194.10661903356933,192.20273983497617,193.54139709472656,42355600,0.0,0.0,0.0066532022211256,False
2024-01-24 00:00:00-05:00,193.77940103141137,194.73134826169684,192.7084660713482,192.86712646484375,53631300,0.0,0.0,-0.0034838574072749,False
2024-01-25 00:00:00-05:00,193.5810897970112,194.62227786062397,191.48880306885755,192.53990173339844,54822100,0.0,0.0,-0.0016966330003623,False
2024-01-26 00:00:00-05:00,192.63907090018267,193.12494757400916,190.3286298745028,190.8045959472656,44594000,0.0,0.0,-0.0090127073427908,False
2024-01-29 00:00:00-05:00,190.39803999060732,190.58644733122568,187.9884474907554,190.12039184570312,47145600,0.0,0.0,-0.0035858889989819,False
2024-01-30 00:00:00-05:00,189.33699683048337,190.18977744614463,185.89612743839433,186.4613342285156,55859400,0.0,0.0,-0.0192460029230168,False
2024-01-31 00:00:00-05:00,185.46974943852436,185.5292584344751,182.8023453182215,182.85191345214844,55467800,0.0,0.0,-0.0193574758611546,False
2024-02-01 00:00:00-05:00,182.4453590429028,185.38050055962896,182.2767880551107,185.291259765625,64885400,0.0,0.0,0.0133405566691808,False
2024-02-02 00:00:00-05:00,178.35004600309975,185.75733532165063,177.74516644928605,184.28976440429688,102551700,0.0,0.0,-0.0054049789644418,False
2024-02-05 00:00:00-05:00,186.57042555488337,187.6611968198497,184.27982102914152,186.1043701171875,69668800,0.0,0.0,0.0098464812669125,False
2024-02-06 00:00:00-05:00,185.2912518041467,187.72068025311023,185.2020110139772,187.7107696533203,43490800,0.0,0.0,0.0086317131355984,False
2024-02-07 00:00:00-05:00,189.03950895453545,189.4460704904296,187.02655273524672,187.81983947753903,53439000,0.0,0.0,0.0005810525651788,False
2024-02-08 00:00:00-05:00,187.8000228857875,187.94875754592417,185.77715585449096,186.739013671875,40962000,0.0,0.0,-0.0057545880598695,False
2024-02-09 00:00:00-05:00,187.30492339729363,188.63538073939827,186.6595639436563,187.5035095214844,45155200,0.24,0.0,0.0040939267835733,False
2024-02-12 00:00:00-05:00,187.0765772861258,187.3247948043087,185.45819421957455,185.8156280517578,41781900,0.0,0.0,-0.00900186601325,False
2024-02-13 00:00:00-05:00,184.4454786725173,184.88234393093236,182.20158259974824,183.72067260742188,56529500,0.0,0.0,-0.0112743770063968,False
2024-02-14 00:00:00-05:00,183.9986922104331,184.2071864451767,181.13922150541595,182.83702087402344,54630500,0.0,0.0,-0.0048097566858283,False
2024-02-15 00:00:00-05:00,182.2413002337134,183.17460050228615,180.05698915939104,182.5490875244141,65434500,0.0,0.0,-0.0015748088009361,False
2024-02-16 00:00:00-05:00,182.1122335213933,183.5320456548448,180.37471083115267,181.01014709472656,49752500,0.0,0.0,-0.0084302827834277,False
2024-02-20 00:00:00-05:00,180.49384354523508,181.12927978468983,178.7166127841021,180.26548767089844,53665600,0.0,0.0,-0.0041139098320185,False
2024-02-21 00:00:00-05:00,180.64276986037865,181.5859933284812,179.3718974749363,181.0200653076172,41371400,0.0,0.0,0.0041859240305406,False
2024-02-22 00:00:00-05:00,182.1717814956972,183.6412399886709,181.1590650140456,183.0554351806641,52292200,0.0,0.0,0.0112438909442886,False
2024-02-23 00:00:00-05:00,183.6908798817894,183.72066477086588,180.9307023940782,181.21864318847656,45119700,0.0,0.0,-0.0100340751443664,False
2024-02-26 00:00:00-05:00,180.94064867140935,181.45693020455124,179.36197373162466,179.86834716796875,40867400,0.0,0.0,-0.0074511981590296,False
2024-02-27 00:00:00-05:00,179.8087756065873,182.60866132395924,178.27974721589908,181.3278656005859,54318900,0.0,0.0,0.0081143706249451,False
2024-02-28 00:00:00-05:00,181.2087201561828,181.81437153541265,178.84569957246276,180.12649536132812,48953900,0.0,0.0,-0.0066254033006933,False
2024-02-29 00:00:00-05:00,179.97756989489093,181.26830407372196,178.2499704416867,179.46127319335938,136682600,0.0,0.0,-0.0036930833891722,False
2024-03-01 00:00:00-05:00,178.26982726346276,179.24283570733874,176.11530099131116,178.37904357910156,73563100,0.0,0.0,-0.0060304353970105,False
2024-03-04 00:00:00-05:00,174.8940486462885,175.63870116419773,172.55087478393426,173.85154724121094,81510100,0.0,0.0,-0.0253813242130257,False
2024-03-05 00:00:00-05:00,169.5424796657224,170.8133520831047,168.41060844555398,168.90704345703125,95132400,0.0,0.0,-0.0284409535758656,False
2024-03-06 00:00:00-05:00,169.84035496658896,170.01907946057096,167.47731930724007,167.9141845703125,68587700,0.0,0.0,-0.0058781378585395,False
2024-03-07 00:00:00-05:00,167.9439531253601,169.51268953107953,167.28867044448495,167.79502868652344,71765100,0.0,0.0,-0.0007096236931619,False
2024-03-08 00:00:00-05:00,167.7950495135339,172.46153602621885,167.7354797306053,169.51271057128906,76267000,0.0,0.0,0.010236786502028,False
2024-03-11 00:00:00-04:00,171.70695829072324,173.13669366515666,170.8233045037464,171.518310546875,60139500,0.0,0.0,0.0118315610010995,False
2024-03-12 00:00:00-04:00,171.91542637381357,172.7891567808166,169.79068527950514,171.99485778808594,59825400,0.0,0.0,0.0027784044729188,False
2024-03-13 00:00:00-04:00,171.53815729817867,171.95516088785195,169.54247886546352,169.90985107421875,52488700,0.0,0.0,-0.0121224944785042,False
2024-03-14 00:00:00-04:00,171.67717059661035,173.06718266017282,170.82330171470906,171.7665252685547,72913500,0.0,0.0,0.010927407578769,False
2024-03-15 00:00:00-04:00,169.94956266563446,171.38922119140625,169.0758321837892,171.38922119140625,121752700,0.0,0.0,-0.0021966100586743,False
2024-03-18 00:00:00-04:00,174.31819990832292,176.44294118443133,172.282813299669,172.48138427734375,75604200,0.0,0.0,0.0063724140779994,False
2024-03-19 00:00:00-04:00,173.09697026746844,175.350789645184,171.7963128554373,174.82456970214844,55215200,0.0,0.0,0.0135851496938181,False
2024-03-20 00:00:00-04:00,174.46712406809783,177.39608764648438,173.84161109695287,177.39608764648438,53423100,0.0,0.0,0.01470913355438,False
2024-03-21 00:00:00-04:00,175.78764197696165,176.22450721449738,169.6219124199128,170.14813232421875,106181300,0.0,0.0,-0.0408574699612844,False
2024-03-22 00:00:00-04:00,170.53535433298114,171.8161651814705,168.84747827799018,171.05165100097656,71160100,0.0,0.0,0.0053101886245576,False
2024-03-25 00:00:00-04:00,169.3538335652694,170.71406054011143,168.24180892635405,169.6318359375,54288300,0.0,0.0,-0.0083005048777252,False
2024-03-26 00:00:00-04:00,168.78791039294236,170.19778406175462,168.37090678526505,168.49998474121094,57388400,0.0,0.0,-0.0066723984329574,False
2024-03-27 00:00:00-04:00,169.19496313782787,172.3622205398845,168.8970991381061,172.07427978515625,60273300,0.0,0.0,0.0212124354161507,False
2024-03-28 00:00:00-04:00,170.5254338962422,171.00200728609337,169.29426955996547,170.25735473632812,65672700,0.0,0.0,-0.0105589577425322,False
2024-04-01 00:00:00-04:00,169.9694362083208,170.02900599080004,168.2716216576847,168.8177032470703,46240500,0.0,0.0,-0.0084557374422229,True
2024-04-02 00:00:00-04:00,167.87447897129715,168.13261974429108,167.0305333230549,167.6361846923828,49329500,0.0,0.0,-0.0069987834922639,True
2024-04-03 00:00:00-04:00,167.5865303145986,169.46305411699578,167.37803608655156,168.44039916992188,47691700,0.0,0.0,0.0047973799869927,True
2024-04-04 00:00:00-04:00,169.07585346888487,170.6942366833166,167.61634826660156,167.61634826660156,53704400,0.0,0.0,-0.0048922402664756,True
2024-04-05 00:00:00-04:00,168.3808491510603,169.1751483201577,167.74541284578166,168.3709259033203,42104800,0.0,0.0,0.0045018140803221,True
2024-04-08 00:00:00-04:00,167.82481355698678,167.99359963764888,167.04045292920483,167.2489471435547,37425500,0.0,0.0,-0.0066637321957229,True
2024-04-09 00:00:00-04:00,167.49719608690285,168.86736178126412,167.14970061441764,168.4602813720703,42373800,0.0,0.0,0.0072427016684051,True
2024-04-10 00:00:00-04:00,167.59645660291815,167.8843822327512,165.91850390321875,166.58372497558594,49709300,0.0,0.0,-0.0111394589941334,True
2024-04-11 00:00:00-04:00,167.13973556457643,174.20898041040104,166.96102623293754,173.79196166992188,91070300,0.0,0.0,0.0432709539625937,True
2024-04-12 00:00:00-04:00,173.0175330436537,177.0883063929916,172.96790166012116,175.2912139892578,101670900,0.0,0.0,0.0086267069255103,True
2024-04-15 00:00:00-04:00,174.1097015871075,175.37065085788137,171.27009249111015,171.458740234375,73531800,0.0,0.0,-0.0218634674702958,True
2024-04-16 00:00:00-04:00,170.52544539032877,172.52110890421707,167.0702615685236,168.17234802246094,73711200,0.0,0.0,-0.0191672480937498,False
2024-04-17 00:00:00-04:00,168.40070660473845,169.43328489386477,166.80218505859375,166.80218505859375,50901200,0.0,0.0,-0.0081473736912098,False
2024-04-18 00:00:00-04:00,166.83197648115515,167.4376279018478,165.3625328448833,165.84902954101562,43122900,0.0,0.0,-0.0057142867597526,False
2024-04-19 00:00:00-04:00,165.02494208062998,165.21357466916862,162.9101239696921,163.8235626220703,68149400,0.0,0.0,-0.0122127149284548,False
2024-04-22 00:00:00-04:00,164.33986695337822,166.06745127090076,163.5952143613438,164.65757751464844,48116400,0.0,0.0,0.005090933680292,False
2024-04-23 00:00:00-04:00,164.17108536017497,165.85896158515186,163.744143317683,165.71002197265625,49537800,0.0,0.0,0.0063917159106399,False
2024-04-24 00:00:00-04:00,165.35256706337344,168.09289802448964,165.02493328758231,167.8148956298828,48251800,0.0,0.0,0.0127021506132796,False
2024-04-25 00:00:00-04:00,168.32124662085997,169.3935480180457,166.95108119945704,168.67868041992188,50558300,0.0,0.0,0.005147247428763,False
2024-04-26 00:00:00-04:00,168.66876193087458,170.1183436596222,167.97374080476908,168.0928955078125,44838400,0.0,0.0,-0.0034727857169091,False
2024-04-29 00:00:00-04:00,172.13389200399433,174.77493022282954,171.8658279731322,172.26296997070312,68169400,0.0,0.0,0.0248081541476974,False
2024-04-30 00:00:00-04:00,172.09416491333778,173.74233280675443,168.78790588015656,169.1155548095703,65934800,0.0,0.0,-0.0182709909254907,False
2024-05-01 00:00:00-04:00,168.37089789825708,171.47858587357683,167.90424778215495,168.0928955078125,50383100,0.0,0.0,-0.0060471037268532,False
2024-05-02 00:00:00-04:00,171.27998331024975,172.18349856746104,169.67153889850545,171.79627990722656,94214900,0.0,0.0,0.0220317723020122,False
2024-05-03 00:00:00-04:00,185.3191838346203,185.66669440285864,181.3576421366733,182.072509765625,163224100,0.0,0.0,0.0598163700864058,False
2024-05-06 00:00:00-04:00,181.0498649554619,182.88666551151155,179.1336178251023,180.4144287109375,78569700,0.0,0.0,-0.0091067073048088,False
2024-05-07 00:00:00-04:00,182.14201921219637,183.5816778461448,180.02721617336002,181.09950256347656,77305800,0.0,0.0,0.0037972231901513,False
2024-05-08 00:00:00-04:00,181.5463043299869,181.7647369645701,180.15627709627628,181.4370880126953,45057100,0.0,0.0,0.0018640882191292,False
2024-05-09 00:00:00-04:00,181.25836496086745,183.34339825305352,180.811576441112,183.25404357910156,48983000,0.0,0.0,0.0100142456336111,False
2024-05-10 00:00:00-04:00,183.83067066594327,184.01957427538,181.0767011963408,181.9913787841797,50759500,0.25,0.0,-0.006890242475751,False
2024-05-13 00:00:00-04:00,184.36755931231187,186.01796278299403,183.5522942832241,185.20269775390625,72044800,0.0,0.0,0.0176454455764896,False
2024-05-14 00:00:00-04:00,186.4255779791011,187.2110177098357,185.2126323262415,186.34603881835935,52393600,0.0,0.0,0.0061734579372725,False
2024-05-15 00:00:00-04:00,186.8232728469217,189.54741702859607,186.2863873072406,188.622802734375,70400000,0.0,0.0,0.012217935677371,False
2024-05-16 00:00:00-04:00,189.36845732702145,189.99481870677727,188.5631442219314,188.7420959472656,52845200,0.0,0.0,0.0006324432208688,False
2024-05-17 00:00:00-04:00,188.4140082479681,189.706493039357,188.08591490450095,188.7719268798828,41282900,0.0,0.0,0.0001580512946381,False
2024-05-20 00:00:00-04:00,188.23504809883084,190.8100656899344,187.91689147556073,189.9351501464844,44361300,0.0,0.0,0.0061620564340678,False
2024-05-21 00:00:00-04:00,189.98487181213304,191.6153866469515,189.815856788038,191.2375946044922,42309400,0.0,0.0,0.0068573113349652,False
2024-05-22 00:00:00-04:00,191.158046649762,191.7048688616991,189.1696132758398,189.79595947265625,34648500,0.0,0.0,-0.0075384504538318,False
2024-05-23 00:00:00-04:00,189.87550428926585,189.89539287135,185.55067067436465,185.7992248535156,51005900,0.0,0.0,-0.0210580595616759,False
2024-05-24 00:00:00-04:00,187.7280219308774,189.47783802324832,186.95251887628444,188.8813018798828,36327000,0.0,0.0,0.016588212511635,False
2024-05-28 00:00:00-04:00,190.40243380522855,191.88382214222983,188.00638309980087,188.8912353515625,52280100,0.0,0.0,5.2591080116570765e-05,False
2024-05-29 00:00:00-04:00,188.5134387924459,191.13817040866115,188.41401104911336,189.1894989013672,53068000,0.0,0.0,0.0015790227071657,False
2024-05-30 00:00:00-04:00,189.6567669388692,191.06855279301288,189.52752908744432,190.18370056152344,49889100,0.0,0.0,0.0052550573151768,False
2024-05-31 00:00:00-04:00,190.3328400080532,191.4563096895504,188.81168973037515,191.13815307617188,75158300,0.0,0.0,0.005018582096312,False
2024-06-03 00:00:00-04:00,191.7843976924141,193.86232215027837,191.40660565779223,192.90786743164065,50080500,0.0,0.0,0.0092588231443435,False
2024-06-04 00:00:00-04:00,193.51434462038463,194.19041988861153,191.91365507081835,193.2260284423828,47471400,0.0,0.0,0.0016492899692384,False
2024-06-05 00:00:00-04:00,194.269945311189,195.76127042413225,193.74301165159252,194.7372283935547,54156800,0.0,0.0,0.0078208922646385,False
2024-06-06 00:00:00-04:00,194.55829468881035,195.36360789712964,193.047080853253,193.35528564453125,41181800,0.0,0.0,-0.0070964486884377,False
2024-06-07 00:00:00-04:00,193.5242766218339,195.80104138427976,193.0172315608974,195.75132751464844,53103900,0.0,0.0,0.0123919129602803,False
2024-06-10 00:00:00-04:00,195.7612815959928,196.1589774177998,191.03875180216343,192.00314331054688,97010200,0.0,0.0,-0.0191476821725312,False
2024-06-11 00:00:00-04:00,192.53005531977516,205.9619324668351,192.51018190883104,205.9519805908203,172373300,0.0,0.0,0.0726490048015127,False
2024-06-12 00:00:00-04:00,206.1707061367958,218.92650784161864,205.7034230879499,211.83775329589844,198134300,0.0,0.0,0.028578373891785,False
2024-06-13 00:00:00-04:00,213.49810017257707,215.49647028335949,210.37626033331,213.00099182128903,97862700,0.0,0.0,0.0054911766542662,False
2024-06-14 00:00:00-04:00,212.61325905037393,213.92561727783075,210.07800329190465,211.26112365722656,70122700,0.0,0.0,-0.0081683571009953,False
2024-06-17 00:00:00-04:00,212.1360430521221,217.6837748595555,211.4898081720374,215.41696166992188,93728300,0.0,0.0,0.019671570143867,False
2024-06-18 00:00:00-04:00,216.33160783720555,217.36560169939585,211.76815683093403,213.0506896972656,79943300,0.0,0.0,-0.0109846130699866,False
2024-06-20 00:00:00-04:00,212.6927670816265,213.00098699569836,207.6421596970407,208.46734619140625,86172500,0.0,0.0,-0.0215129249868755,False
2024-06-21 00:00:00-04:00,209.17326157128963,210.66458669732776,205.91223184266303,206.2900390625,241805100,0.0,0.0,-0.0104443557645096,False
2024-06-24 00:00:00-04:00,206.51869484312465,211.46988977828624,205.39522511371305,206.9362640380859,80727000,0.0,0.0,0.0031326038742478,False
2024-06-25 00:00:00-04:00,207.94044013256496,210.1575545458077,207.40356972919952,207.8609161376953,55549700,0.0,0.0,0.0044682941576601,False
2024-06-26 00:00:00-04:00,210.2768291728298,213.6173978459433,209.42180221570723,212.01670837402344,66213200,0.0,0.0,0.0199931392276515,False
2024-06-27 00:00:00-04:00,213.44838535845383,214.49231592564604,211.12192192565487,212.86180114746097,49772700,0.0,0.0,0.0039859725203668,False
2024-06-28 00:00:00-04:00,214.52215724323335,214.82042530908265,209.08379028418835,209.4019317626953,82542700,0.0,0.0,-0.0162540642149728,False
2024-07-01 00:00:00-04:00,210.86343656939636,216.2520897818886,210.6944215345844,215.4964904785156,60402900,0.0,0.0,0.0291045964309772,True
2024-07-02 00:00:00-04:00,214.89994100712372,219.10548871515067,213.85602557275527,218.99612426757812,58046200,0.0,0.0,0.0162398644232741,True
2024-07-03 00:00:00-04:00,218.7276683957665,220.26870727539065,217.76327700783267,220.26870727539065,37369800,0.0,0.0,0.0058109841535716,True
2024-07-05 00:00:00-04:00,220.3681420180832,225.14038557018992,220.3681420180832,225.0310211181641,60412400,0.0,0.0,0.0216204739278709,True
2024-07-08 00:00:00-04:00,225.77669796850904,226.53231247409616,221.95890895375155,226.5024871826172,59085900,0.0,0.0,0.0065389476399364,True
2024-07-09 00:00:00-04:00,226.6118203351868,228.07332019577044,225.0608446065374,227.35748291015625,48076100,0.0,0.0,0.0037747741235605,True
2024-07-10 00:00:00-04:00,227.97388876032915,231.73202661360727,227.92417489200207,231.63259887695312,62627700,0.0,0.0,0.0188034979631008,True
2024-07-11 00:00:00-04:00,230.0518062316796,231.04602295166967,224.4643131199093,226.25390625,64710600,0.0,0.0,-0.023220792984369,True
2024-07-12 00:00:00-04:00,227.59608461971035,231.2945719488415,227.3574671508641,229.2067108154297,53046500,0.0,0.0,0.0130508445770964,True
2024-07-15 00:00:00-04:00,235.11237576276483,235.8580383346859,231.7419815445035,233.04440307617188,62631300,0.0,0.0,0.016743367797082,True
2024-07-16 00:00:00-04:00,233.64094209406048,234.9036016458956,230.9863851256273,233.4619903564453,43234300,0.0,0.0,0.0017918786066573,False
2024-07-17 00:00:00-04:00,228.1230464069532,230.1214319251083,225.32929956891297,227.5563507080078,57345900,0.0,0.0,-0.0252959363510132,False
2024-07-18 00:00:00-04:00,228.94822726389444,229.10730558155055,220.9845567217071,222.8834991455078,66034600,0.0,0.0,-0.020534920462387,False
2024-07-19 00:00:00-04:00,223.5198013048721,225.488346083744,221.9886991219942,223.0127410888672,49151500,0.0,0.0,0.0005798632193718,False
2024-07-22 00:00:00-04:00,225.69712847330965,226.46267958300487,221.7998008147913,222.6647796630859,48201800,0.0,0.0,-0.0015602759917765,False
2024-07-23 00:00:00-04:00,223.0723963761116,225.6275405798551,221.392167723929,223.7086944580078,39960300,0.0,0.0,0.004688279828096,False
2024-07-24 00:00:00-04:00,222.70455320631825,223.4999296447353,215.8742889513949,217.276123046875,61777600,0.0,0.0,-0.0287542307048788,False
2024-07-25 00:00:00-04:00,217.663867640833,219.57277716709376,213.3787958392943,216.23220825195312,51391200,0.0,0.0,-0.004804553672456,False
2024-07-26 00:00:00-04:00,217.43518879671296,218.22062848355827,214.7607434520739,216.6994781494141,41601300,0.0,0.0,0.0021609634440604,False
2024-07-29 00:00:00-04:00,215.7052633263403,218.0317267787177,214.50225443638584,216.9778594970703,36311800,0.0,0.0,0.0012846424459975,False
2024-07-30 00:00:00-04:00,217.92236610782675,219.05577256608925,214.87011348402856,217.5346221923828,41643800,0.0,0.0,0.0025659885142337,False
2024-07-31 00:00:00-04:00,220.1593561933901,222.5255968769169,219.3540430654452,220.795654296875,50036300,0.0,0.0,0.0149908647718992,False
2024-08-01 00:00:00-04:00,223.07240511518177,223.1817695634113,215.76492117798517,217.09716796875,62501000,0.0,0.0,-0.0167507206602541,False
2024-08-02 00:00:00-04:00,217.88258518105536,224.29529507499743,216.45092586682145,218.58848571777344,105568600,0.0,0.0,0.0068693560721073,False
2024-08-05 00:00:00-04:00,197.9386185328084,212.26528622278008,194.8664922700932,208.05975341796875,119548600,0.0,0.0,-0.048166911743918,False
2024-08-06 00:00:00-04:00,204.1126936889009,208.7755724881847,199.90716125146164,206.03152465820312,69660500,0.0,0.0,-0.0097482993536531,False
2024-08-07 00:00:00-04:00,205.703426053809,212.40445197195865,205.19638100586545,208.60655212402344,63516400,0.0,0.0,0.0124982206974983,False
2024-08-08 00:00:00-04:00,211.87754516998305,212.9612378528938,207.62229843313003,212.07638549804688,47161100,0.0,0.0,0.0166333863375514,False
2024-08-09 00:00:00-04:00,210.8733691090516,215.5262960046125,210.7441160828828,214.9894256591797,42201600,0.0,0.0,0.0137358063430388,False
2024-08-12 00:00:00-04:00,215.0690650325273,218.49311650663688,214.60124108809111,216.5222930908203,38028100,0.25,0.0,0.0071299666341295,False
2024-08-13 00:00:00-04:00,217.99543949730665,220.86210287308924,217.99543949730665,220.24497985839844,44155300,0.0,0.0,0.0171930876698069,False
2024-08-14 00:00:00-04:00,219.54821978702563,221.9968153653892,218.68223972219693,220.69288635253903,41960600,0.0,0.0,0.0020336740225752,False
2024-08-15 00:00:00-04:00,223.55956160665437,224.3060872818483,221.72807374055304,223.6790008544922,46414000,0.0,0.0,0.0135306332311184,False
2024-08-16 00:00:00-04:00,222.88270038911833,225.77922361016536,222.6139468974481,225.0028381347656,44340200,0.0,0.0,0.0059184692135432,False
2024-08-19 00:00:00-04:00,224.6743714872065,224.94312498661264,222.0067784736323,224.8435821533203,40687800,0.0,0.0,-0.0007077954338955,False
2024-08-20 00:00:00-04:00,224.72413110884565,226.11763957317405,224.4056062095116,225.460693359375,30299000,0.0,0.0,0.0027446245080451,False
2024-08-21 00:00:00-04:00,225.4706659840429,226.9238941294544,224.00747444255492,225.35121154785156,34765500,0.0,0.0,-0.0004855915676127,False
2024-08-22 00:00:00-04:00,226.7347608131935,227.28221598709217,222.86278176595104,223.4898681640625,43695300,0.0,0.0,-0.0082597442942693,False
2024-08-23 00:00:00-04:00,224.6146277242459,227.1627660264127,223.29078716186507,225.7891540527344,38677300,0.0,0.0,0.0102880989977764,False
2024-08-26 00:00:00-04:00,225.7095414433551,226.22713682494347,222.85284141893553,226.12759399414065,30602200,0.0,0.0,0.0014989202773096,False
2024-08-27 00:00:00-04:00,224.9530683997657,227.7898720189865,223.84820980142857,226.97366333007812,35934600,0.0,0.0,0.0037415572376338,False
2024-08-28 00:00:00-04:00,226.86416416696267,228.7951795929336,224.63453544627717,225.4407958984375,38052200,0.0,0.0,-0.0067535035085168,False
2024-08-29 00:00:00-04:00,229.03407107214645,231.84099956412553,227.819721489883,228.7254943847656,51906300,0.0,0.0,0.0145701157292219,False
2024-08-30 00:00:00-04:00,229.123652992766,229.33267166766268,226.42620031745173,227.9391632080078,52990800,0.0,0.0,-0.0034378816356825,False
2024-09-03 00:00:00-04:00,227.4912604304481,227.9391727978887,220.1454429272487,221.738037109375,50190600,0.0,0.0,-0.0272051805901117,False
2024-09-04 00:00:00-04:00,220.6331648046219,220.75260404502964,216.47252073588623,219.8269195556641,43840200,0.0,0.0,-0.0086188079349157,False
2024-09-05 00:00:00-04:00,220.60331260233696,224.43546851590304,220.49382156548631,221.3498382568359,36615400,0.0,0.0,0.0069278080421184,False
2024-09-06 00:00:00-04:00,222.9125635200513,224.1965961864048,218.75193438162455,219.7970733642578,48423000,0.0,0.0,-0.0070149809225359,False
2024-09-09 00:00:00-04:00,219.79707827698536,220.24499065438135,215.70611687897429,219.88665771484375,67180000,0.0,0.0,0.0004075775405683,False
2024-09-10 00:00:00-04:00,217.905857501112,220.45399594379384,215.72600018375593,219.09034729003903,51591000,0.0,0.0,-0.0036214585872571,False
2024-09-11 00:00:00-04:00,220.43410202901993,222.05654079085224,216.88063262193216,221.6285400390625,44587100,0.0,0.0,0.0115851418395138,False
2024-09-12 00:00:00-04:00,221.46928361366915,222.51442259643304,218.8017058249269,221.738037109375,37455600,0.0,0.0,0.0004940567234399,False
2024-09-13 00:00:00-04:00,222.54426752163744,223.00212806640087,220.8820056188433,221.46926879882812,36766600,0.0,0.0,-0.0012120983573706,False
2024-09-16 00:00:00-04:00,215.5368837592455,216.21374159471785,212.92902562434276,215.3179168701172,59357400,0.0,0.0,-0.0277751941028826,False
2024-09-17 00:00:00-04:00,214.75054527350213,215.8952118613641,213.50633585708556,215.7857208251953,45519300,0.0,0.0,0.002172619733082,False
2024-09-18 00:00:00-04:00,216.54219508236315,221.67829484771391,216.53223168732617,219.6676483154297,59894900,0.0,0.0,0.0179897329415001,False
2024-09-19 00:00:00-04:00,223.94773787040657,228.75536468744528,223.58940496515828,227.80975341796875,66781300,0.0,0.0,0.0370655632041341,False
2024-09-20 00:00:00-04:00,228.90467282845125,232.01021467188832,226.5655530501552,227.1428680419922,318679900,0.0,0.0,-0.0029273785075962,False
2024-09-23 00:00:00-04:00,226.28686337720748,228.3870895913876,224.76395218553373,225.4208984375,54146000,0.0,0.0,-0.0075809978950069,False
2024-09-24 00:00:00-04:00,227.59078065470555,228.28755007923567,224.6843092769655,226.31671142578125,43556100,0.0,0.0,0.0039739571374728,False
2024-09-25 00:00:00-04:00,223.88800321688737,226.2370711111093,222.9822303399746,225.3213348388672,42308700,0.0,0.0,-0.004398157699638,False
2024-09-26 00:00:00-04:00,226.24703661091272,227.44147457763864,224.3657926365912,226.4660186767578,36636700,0.0,0.0,0.0050802283712245,False
2024-09-27 00:00:00-04:00,227.40168136489095,228.4567685573237,226.24705134037433,226.7347717285156,34026000,0.0,0.0,0.0011867257318698,False
2024-09-30 00:00:00-04:00,228.97434440874213,231.9206390380859,228.5861516719536,231.9206390380859,54541900,0.0,0.0,0.0228719541781605,False
2024-10-01 00:00:00-04:00,228.45675818805825,228.5861456381701,222.70353511874544,225.16209411621097,63285000,0.0,0.0,-0.0291416277132847,True
2024-10-02 00:00:00-04:00,224.84356992020335,226.3167096065359,221.98686997976515,225.7294464111328,32880600,0.0,0.0,0.0025197504808649,True
2024-10-03 00:00:00-04:00,224.09702921544027,225.7592910501673,222.28546833703504,224.62457275390625,34044200,0.0,0.0,-0.004894681109589,True
2024-10-04 00:00:00-04:00,226.8442543024003,226.9437971307691,223.09172964492672,225.74935913085935,37245100,0.0,0.0,0.0050074057489044,True
2024-10-07 00:00:00-04:00,223.4600206171574,224.64451046166124,220.3047072265611,220.6630401611328,39505400,0.0,0.0,-0.0225308235173248,True
2024-10-08 00:00:00-04:00,223.26094483680063,224.93315503301395,222.2158058701156,224.72413635253903,31855700,0.0,0.0,0.0184040616337051,True
2024-10-09 00:00:00-04:00,224.18662246797504,228.68568791487783,223.78848153487695,228.4766540527344,33591100,0.0,0.0,0.0166983296102583,True
2024-10-10 00:00:00-04:00,226.72481576308653,228.43684913724616,226.11764095959848,227.97897338867188,28183500,0.0,0.0,-0.0021782560941548,True
2024-10-11 00:00:00-04:00,228.23777327090536,228.34726430462075,226.2868462669136,226.49588012695312,31759200,0.0,0.0,-0.006505394947938,True
2024-10-14 00:00:00-04:00,227.64055393917852,230.65651637799863,227.54102629778745,230.228515625,39882100,0.0,0.0,0.0164799266810269,True
2024-10-15 00:00:00-04:00,232.52781469355563,236.3898456598821,231.29355345996072,232.76670837402344,64751400,0.0,0.0,0.0110246671318408,True
2024-10-16 00:00:00-04:00,230.52710945831015,231.04468960128423,228.77525301100687,230.70626831054688,34082200,0.0,0.0,-0.0088519534338463,False
2024-10-17 00:00:00-04:00,232.348638945834,232.76670668063704,229.4521309302649,231.07456970214844,32993800,0.0,0.0,0.0015964082566919,False
2024-10-18 00:00:00-04:00,235.0858880500012,235.0858880500012,232.92594240501305,233.9113616943359,46431500,0.0,0.0,0.0122765217991926,False
2024-10-21 00:00:00-04:00,233.36391138062547,235.75280253487685,233.36391138062547,235.3845062255859,36254500,0.0,0.0,0.0062978750607891,False
2024-10-22 00:00:00-04:00,232.80651969699693,235.12572795126604,231.52250221800776,234.76739501953125,38846600,0.0,0.0,-0.0026217154899025,False
2024-10-23 00:00:00-04:00,232.99563706556216,234.05072423456664,226.7049068825192,229.6910095214844,52287000,0.0,0.0,-0.0216230430874975,False
2024-10-24 00:00:00-04:00,228.91461372105516,229.75073396519565,227.35189464165865,229.50189208984375,31109500,0.0,0.0,-0.0008233558293579,False
2024-10-25 00:00:00-04:00,228.6757506783198,232.13962556438537,228.5065400142299,230.3380126953125,38802300,0.0,0.0,0.0036431970031054,False
2024-10-28 00:00:00-04:00,232.2391553268284,233.64261197661628,231.47271808946843,232.3187713623047,36087100,0.0,0.0,0.0085993564145763,False
2024-10-29 00:00:00-04:00,232.0201728307493,233.2444706163013,231.24378738741356,232.5875244140625,35417200,0.0,0.0,0.0011568288269685,False
2024-10-30 00:00:00-04:00,231.5324398883544,232.38845656475567,228.48661770128336,229.03407287597656,47070900,0.0,0.0,-0.0152779111736015,False
2024-10-31 00:00:00-04:00,228.27758291037028,228.76531846185907,224.32597264925337,224.8634796142578,64370100,0.0,0.0,-0.0182094882623737,False
2024-11-01 00:00:00-04:00,219.9463649274566,224.30607958110733,219.2496106921502,221.87738037109375,65276700,0.0,0.0,-0.0132796096915629,False
2024-11-04 00:00:00-05:00,219.9662881225475,221.75793762543637,218.69221882853125,220.98155212402344,44944500,0.0,0.0,-0.004037492445476,False
2024-11-05 00:00:00-05:00,220.7725057228464,222.91253968716023,220.1155595539316,222.41485595703125,28111300,0.0,0.0,0.0064860791284666,False
2024-11-06 00:00:00-05:00,221.5787719009408,225.02275032206143,220.16535179621147,221.68826293945312,54561100,0.0,0.0,-0.0032668367157925,False
2024-11-07 00:00:00-05:00,223.5894049928319,226.82434934768688,223.52968537330025,226.4261932373047,42137700,0.0,0.0,0.0213720394351484,False
2024-11-08 00:00:00-05:00,226.366414165256,227.8511489598711,225.60910803907555,226.15716552734375,38328800,0.25,0.0,-0.0011881474758487,False
2024-11-11 00:00:00-05:00,224.2040938441064,224.90161465065876,220.7164746065314,223.4368133544922,42005600,0.0,0.0,-0.0120285915615734,False
2024-11-12 00:00:00-05:00,223.75568869738083,224.79200315214243,222.5698957238352,223.4368133544922,40398300,0.0,0.0,0.0,False
2024-11-13 00:00:00-05:00,223.2175800878685,225.84824072641777,221.97200184604,224.3236541748047,48566200,0.0,0.0,0.0039690899946083,False
2024-11-14 00:00:00-05:00,224.22402706703753,228.06039910056816,224.2040935569292,227.41270446777344,44923900,0.0,0.0,0.0137705062996236,False
2024-11-15 00:00:00-05:00,225.59914322363005,226.11730807125568,223.47668806811177,224.2041015625,47923700,0.0,0.0,-0.0141091629545618,False
2024-11-18 00:00:00-05:00,224.4532188000698,228.9273417095955,224.37349996104592,227.2134246826172,44633700,0.0,0.0,0.0134222482958381,False
2024-11-19 00:00:00-05:00,226.17708394083317,229.34584301691137,225.8582238051146,227.4724884033203,36211800,0.0,0.0,0.0011401778793,False
2024-11-20 00:00:00-05:00,227.25326410482543,229.1166443503319,225.0909420304879,228.18994140625,35169600,0.0,0.0,0.0031540209893761,False
2024-11-21 00:00:00-05:00,228.07038183414417,229.3458528412815,224.91159698015457,227.7116546630859,42108300,0.0,0.0,-0.0020960027432259,False
2024-11-22 00:00:00-05:00,227.2532745036032,229.90386885981255,227.2532745036032,229.0568695068359,38168300,0.0,0.0,0.0059075362029243,False
2024-11-25 00:00:00-05:00,230.64124862727573,232.42491005721112,228.92733167542056,232.04624938964844,90152800,0.0,0.0,0.0130508196032221,False
2024-11-26 00:00:00-05:00,232.50462429580293,234.73670603206307,232.50462429580293,234.22850036621097,45986200,0.0,0.0,0.0094043794385925,False
2024-11-27 00:00:00-05:00,233.6405889619916,234.85627456038557,232.98291999142185,234.0989532470703,33498400,0.0,0.0,-0.0005530800860615,False
2024-11-29 00:00:00-05:00,233.97938842310504,236.96877632211965,233.14236346053607,236.490478515625,28481400,0.0,0.0,0.0102158733961985,False
2024-12-02 00:00:00-05:00,236.4306920263062,239.93822952974793,236.3210805290228,238.7424774169922,48137100,0.0,0.0,0.0095225774648615,False
2024-12-03 00:00:00-05:00,238.96170621081689,241.90126799408412,238.0549215480856,241.79165649414065,38861000,0.0,0.0,0.0127718331071127,False
2024-12-04 00:00:00-05:00,242.01087120786053,243.24649032811607,240.39660663197557,242.15037536621097,44383900,0.0,0.0,0.0014835866434415,False
2024-12-05 00:00:00-05:00,243.1269343008096,243.67497660990784,241.2735131113704,242.18028259277344,40033900,0.0,0.0,0.0001235068354417,False
2024-12-06 00:00:00-05:00,242.05074723300527,243.7646642163996,241.22368140458013,241.98098754882812,36870600,0.0,0.0,-0.0008229201890908,False
2024-12-09 00:00:00-05:00,240.97455722335047,246.36542364679892,240.89483838917155,245.8771514892578,44649200,0.0,0.0,0.0161011159591351,False
2024-12-10 00:00:00-05:00,246.0166626912396,247.33200068563025,244.4721425450312,246.8935546875,36914800,0.0,0.0,0.0041337846647642,False
2024-12-11 00:00:00-05:00,247.08288910248365,249.91283942191657,245.38889040813984,245.6180877685547,45205800,0.0,0.0,-0.005166060007357,False
2024-12-12 00:00:00-05:00,246.01666340683192,247.8601253939288,244.81093690846672,247.0828857421875,32777500,0.0,0.0,0.0059637219186117,False
2024-12-13 00:00:00-05:00,246.94338782137353,248.4081739675946,245.36897496771653,247.25228881835935,33155300,0.0,0.0,0.0006856123428502,False
2024-12-16 00:00:00-05:00,247.1127635400456,250.49077111704125,246.7739547032778,250.15196228027344,51694800,0.0,0.0,0.0117275899680113,False
2024-12-17 00:00:00-05:00,249.1953766416157,252.93211150871377,248.8964348112852,252.58334350585935,51356400,0.0,0.0,0.009719616841789,False
2024-12-18 00:00:00-05:00,251.26802371656945,253.38051965426092,246.86366065893745,247.1725616455078,56774100,0.0,0.0,-0.0214217682973463,False
2024-12-19 00:00:00-05:00,246.62449465453676,251.10857637552832,246.21594133746913,248.90638732910156,60882300,0.0,0.0,0.0070146365440044,False
2024-12-20 00:00:00-05:00,247.1625716512524,254.0979578981185,244.82089371115717,253.5897674560547,147495300,0.0,0.0,0.0188158294257061,False
2024-12-23 00:00:00-05:00,253.8687883386418,254.7456651132031,252.55345036958025,254.3670196533203,40858800,0.0,0.0,0.0030649982649648,False
2024-12-24 00:00:00-05:00,254.58623131585568,257.2965955586333,254.38692663500535,257.2866516113281,23234700,0.0,0.0,0.0114780287239557,False
2024-12-26 00:00:00-05:00,257.27667867815336,259.1799258751944,256.7186620602343,258.1037292480469,27237100,0.0,0.0,0.0031757482621099,False
2024-12-27 00:00:00-05:00,256.91793375888693,257.78488174803636,252.16481819720389,254.6858673095703,42355300,0.0,0.0,-0.013242202847801,False
2024-12-30 00:00:00-05:00,251.33775398934145,252.60326573181473,249.86299361835324,251.307861328125,35557500,0.0,0.0,-0.0132634213948721,False
2024-12-31 00:00:00-05:00,251.5470385357527,252.38406352835983,248.54767617168991,249.5341796875,39480700,0.0,0.0,-0.0070578040466038,False
2025-01-02 00:00:00-05:00,248.0494281352692,248.21884015778812,240.96459363401945,242.98741149902344,55740700,0.0,0.0,-0.0262359577220054,True
2025-01-03 00:00:00-05:00,242.4991455078125,243.31623695542575,241.03434422978032,242.4991455078125,40244100,0.0,0.0,-0.0020094291642466,True
2025-01-06 00:00:00-05:00,243.4457849039297,246.45510633108967,242.33971076643533,244.1333465576172,45045600,0.0,0.0,0.0067389971473199,True
2025-01-07 00:00:00-05:00,242.12047569552988,244.68139184839129,240.4962520142114,241.35321044921875,40856000,0.0,0.0,-0.0113877769981017,True
2025-01-08 00:00:00-05:00,241.06423680804883,242.8479134243992,239.20085656180404,241.8414764404297,37628900,0.0,0.0,0.0020230349963117,True
2025-01-10 00:00:00-05:00,239.1610022847023,239.3104808095479,232.17580437363205,236.01219177246097,61710900,0.0,0.0,-0.0241037424753095,True
2025-01-13 00:00:00-05:00,232.7039288898965,233.8398957390806,228.90740850459227,233.5708465576172,49630700,0.0,0.0,-0.0103441487344748,True
2025-01-14 00:00:00-05:00,233.91960476413303,235.28475371553364,231.6476711610837,232.45480346679688,39435300,0.0,0.0,-0.0047781780443434,True
2025-01-15 00:00:00-05:00,233.80999436776753,238.11472029161553,233.6007305222416,237.028564453125,39832000,0.0,0.0,0.019675915137548,True
2025-01-16 00:00:00-05:00,236.51041752509497,237.1680713225123,227.22337827123215,227.4525604248047,71759100,0.0,0.0,-0.0404002110480404,False
2025-01-17 00:00:00-05:00,231.2989028272768,231.4682996512766,227.67177943063624,229.16647338867188,68488300,0.0,0.0,0.0075352546511948,False
2025-01-21 00:00:00-05:00,223.20762199269615,223.62613445935497,218.6039696546368,221.85243225097656,98070400,0.0,0.0,-0.0319158427912381,False
2025-01-22 00:00:00-05:00,219.01252087308487,223.3272060060417,219.01252087308487,223.03823852539065,64126500,0.0,0.0,0.0053450226458304,False
2025-01-23 00:00:00-05:00,223.94503224654224,226.2269251350915,221.51366083038823,222.8688507080078,60234800,0.0,0.0,-0.0007594563986099,False
2025-01-24 00:00:00-05:00,223.9848686181573,224.831867935065,220.6267944226493,221.991943359375,54697900,0.0,0.0,-0.003934633960049,False
2025-01-27 00:00:00-05:00,223.2275672861503,231.32879829775732,223.18770026542344,229.04690551757812,94863400,0.0,0.0,0.0317802621637584,False
2025-01-28 00:00:00-05:00,230.03339893004485,239.34035603116672,229.99353191106584,237.41717529296875,75707600,0.0,0.0,0.0365439111979106,False
2025-01-29 00:00:00-05:00,233.29182086679864,239.01152170916103,233.1822093717508,238.51329040527344,45486100,0.0,0.0,0.0046168315790637,False
2025-01-30 00:00:00-05:00,237.82573898228924,239.93823493591583,236.3709120271811,236.7495574951172,55658300,0.0,0.0,-0.0073946944724102,False
2025-01-31 00:00:00-05:00,246.31561143302469,246.31561143302469,232.61424963135997,235.16519165039065,100959800,0.0,0.0,-0.0066921596876025,False
2025-02-03 00:00:00-05:00,229.17643705581955,231.0099245763286,224.90160402054903,227.20343017578125,73063300,0.0,0.0,-0.0338560371912768,False
2025-02-04 00:00:00-05:00,226.44614576626617,232.3053512351318,225.8482620717564,231.9765167236328,45067300,0.0,0.0,0.0210079862973844,False
2025-02-05 00:00:00-05:00,227.72160926815613,231.84696405052935,227.46253445166025,231.64767456054688,39620300,0.0,0.0,-0.0014175666042857,False
2025-02-06 00:00:00-05:00,230.47183871784503,232.9729696905443,229.61488023403817,232.39501953125,29925300,0.0,0.0,0.0032262139998637,False
2025-02-07 00:00:00-05:00,231.7772347780746,233.17227650429416,226.4561122970612,226.82481384277344,39707200,0.0,0.0,-0.0239686964880395,False
2025-02-10 00:00:00-05:00,229.0094413336025,230.0269397294514,226.64521806905947,227.0941162109375,33115600,0.25,0.0,0.0011872703149256,False
2025-02-11 00:00:00-05:00,227.64278121837336,234.65561423976857,227.5729600586419,232.0519866943359,53718400,0.0,0.0,0.0218317874814215,False
2025-02-12 00:00:00-05:00,230.63545743654387,236.38140252594312,230.11672290007743,236.29161071777344,45243300,0.0,0.0,0.0182701474951043,False
2025-02-13 00:00:00-05:00,236.33151730066413,241.74825103145727,234.99479296308533,240.9402313232422,53614100,0.0,0.0,0.019673235928046,False
2025-02-14 00:00:00-05:00,240.6609204580431,244.9504238462646,240.40156080072015,244.00274658203125,40896200,0.0,0.0,0.0127106844795896,False
2025-02-18 00:00:00-05:00,243.55383619329416,244.5813199542748,241.2494791133952,243.87306213378903,48822500,0.0,0.0,-0.0005314876576546,False
2025-02-19 00:00:00-05:00,244.06260076305156,245.40929524371265,242.56626341463,244.27207946777344,32204200,0.0,0.0,0.0016361681380188,False
2025-02-20 00:00:00-05:00,244.34192533458383,246.17742890005937,243.6935033255141,245.2297515869141,32316900,0.0,0.0,0.0039205140482172,False
2025-02-21 00:00:00-05:00,245.34944139409683,248.08275639920348,244.6212281548445,244.9504241943359,53197400,0.0,0.0,-0.0011390436550645,False
2025-02-24 00:00:00-05:00,244.3319283268952,248.25234005966587,243.82317911276243,246.49664306640625,51326400,0.0,0.0,0.006312374747486,False
2025-02-25 00:00:00-05:00,247.3944454522674,249.38956194785015,244.3119941197594,246.4367828369141,48013300,0.0,0.0,-0.0002428439947397,False
2025-02-26 00:00:00-05:00,243.7334092806253,244.3818160551289,238.5461094200037,239.77310180664065,44433600,0.0,0.0,-0.0270401234489549,False
2025-02-27 00:00:00-05:00,238.82541422357912,241.86796980219768,236.4811463462344,236.72056579589844,41153600,0.0,0.0,-0.0127309359879901,False
2025-02-28 00:00:00-05:00,236.3714220145579,241.49887076126777,229.63790389196947,241.24948120117188,56833400,0.0,0.0,0.0191319051221696,False
2025-03-03 00:00:00-05:00,241.19958958341564,243.43412542285543,235.53346633482457,237.4487762451172,47184000,0.0,0.0,-0.0157542513133339,False
2025-03-04 00:00:00-05:00,237.1295800554318,239.4838181516717,234.10696453181083,235.3539123535156,53798100,0.0,0.0,-0.0088223823459046,False
2025-03-05 00:00:00-05:00,234.84515699420857,235.97240266650644,228.67026910680244,235.1643829345703,47227600,0.0,0.0,-0.0008052953828132,False
2025-03-06 00:00:00-05:00,233.86756011302523,237.27920752401755,232.59068676229825,234.75538635253903,45170400,0.0,0.0,-0.0017391944176556,False
2025-03-07 00:00:00-05:00,234.53591456798168,240.78062356819368,234.1867631010968,238.4862518310547,46273600,0.0,0.0,0.0158925660300415,False
2025-03-10 00:00:00-04:00,234.96486230654432,235.583358769024,223.6725108894593,226.9245452880859,72071200,0.0,0.0,-0.048479551564084,False
2025-03-11 00:00:00-04:00,223.26349982428485,225.28854176632856,216.91902902029435,220.30075073242188,76137400,0.0,0.0,-0.0291894142489301,False
2025-03-12 00:00:00-04:00,219.60246770742089,221.20853706339403,214.38524243690583,216.45018005371097,62547500,0.0,0.0,-0.0174786997588939,False
2025-03-13 00:00:00-04:00,215.42269353923288,216.31051974194543,207.9110813961123,209.16799926757812,61368300,0.0,0.0,-0.0336436808891809,False
2025-03-14 00:00:00-04:00,210.73416839029963,213.4275724686152,209.06824803363213,212.9687042236328,60107600,0.0,0.0,0.0181705852203168,False
2025-03-17 00:00:00-04:00,212.78914514941675,214.69448503570536,209.4573042902151,213.4774627685547,48073400,0.0,0.0,0.002388888765495,False
2025-03-18 00:00:00-04:00,213.6370814211214,214.624654360469,210.97360268345204,212.1706695556641,42432400,0.0,0.0,-0.0061214574875635,False
2025-03-19 00:00:00-04:00,213.6969181399133,218.22582565599035,213.2280645696868,214.7144317626953,54385400,0.0,0.0,0.0119892264673457,False
2025-03-20 00:00:00-04:00,213.46749271646212,216.9589465476154,211.70181037410745,213.5772247314453,48862900,0.0,0.0,-0.0052963697964506,False
2025-03-21 00:00:00-04:00,211.0434226778215,218.30564558008663,210.7641075832368,217.7370452880859,94127800,0.0,0.0,0.0194768920790653,False
2025-03-24 00:00:00-04:00,220.460369765545,220.93919345594836,218.04628066528423,220.19102478027344,44299500,0.0,0.0,0.0112703811560437,False
2025-03-25 00:00:00-04:00,220.23093972638688,223.55281053469955,219.5426220965296,223.2036590576172,34493600,0.0,0.0,0.0136819122412006,False
2025-03-26 00:00:00-04:00,222.9642357514217,224.4705584289048,219.93166541277708,220.98907470703125,34466100,0.0,0.0,-0.0099218102424309,False
2025-03-27 00:00:00-04:00,220.84942102067788,224.4406368200556,220.02144584411215,223.3034210205078,37094800,0.0,0.0,0.0104726729886748,False
2025-03-28 00:00:00-04:00,221.12873402087155,223.26350805320467,217.1484711493609,217.3679351806641,39818600,0.0,0.0,-0.0265803623281644,False
2025-03-31 00:00:00-04:00,216.48010744476517,225.06908447075045,215.7020132379398,221.58761596679688,65299300,0.0,0.0,0.0194126184371472,False
2025-04-01 00:00:00-04:00,219.27328293515097,223.1338286051108,218.3655012478301,222.64503479003903,36412700,0.0,0.0,0.004772012274371,True
2025-04-02 00:00:00-04:00,220.7796058888877,224.6401515625236,220.48033536050963,223.34332275390625,35905900,0.0,0.0,0.0031363284814578,True
2025-04-03 00:00:00-04:00,205.0381002304481,206.98335084549151,200.758582364718,202.69384765625,103419000,0.0,0.0,-0.0924562008079782,True
2025-04-04 00:00:00-04:00,193.4165691841804,199.39194860307396,186.88255957870848,187.92002868652344,125910900,0.0,0.0,-0.0728873576606113,True
2025-04-07 00:00:00-04:00,176.76731422169505,193.6759230716255,174.19361217758157,181.0169219970703,160466300,0.0,0.0,-0.0367342786061855,True
2025-04-08 00:00:00-04:00,186.24410709579757,189.8752182218586,168.79682446290911,171.9989776611328,120859500,0.0,0.0,-0.0498182392919235,True
2025-04-09 00:00:00-04:00,171.53013119082922,200.1201531468693,171.47028013366514,198.3644561767578,184395900,0.0,0.0,0.1532885769098551,True
2025-04-10 00:00:00-04:00,188.60833789927736,194.30438674913324,182.553152263757,189.9550323486328,121880000,0.0,0.0,-0.0423938037600424,True
2025-04-11 00:00:00-04:00,185.64558871717136,199.05275825525484,185.6056778647687,197.66615295410156,87435900,0.0,0.0,0.0405944528561696,True
2025-04-14 00:00:00-04:00,210.9237150406947,212.42005238891585,200.66881763194172,202.02549743652344,101352900,0.0,0.0,0.0220540766199568,True
2025-04-15 00:00:00-04:00,201.36709301089155,203.01305790446213,199.3121256140358,201.6464080810547,51343900,0.0,0.0,-0.0018764431236599,True
2025-04-16 00:00:00-04:00,197.8756484915953,200.2099310657198,191.9002692932641,193.7956390380859,59732400,0.0,0.0,-0.0389333443510335,False
2025-04-17 00:00:00-04:00,196.71848747425943,198.34451232255947,193.9452767059697,196.4990234375,52164700,0.0,0.0,0.0139496658068904,False
2025-04-21 00:00:00-04:00,192.79808650813249,193.3267911609043,189.34652827875263,192.6883544921875,46742500,0.0,0.0,-0.0193928136570334,False
2025-04-22 00:00:00-04:00,195.64111763020085,201.097762433896,195.49148998245192,199.25228881835935,52976400,0.0,0.0,0.034065028701244,False
2025-04-23 00:00:00-04:00,205.4969935115097,207.49210995336895,202.30481024884085,204.1004180908203,52929200,0.0,0.0,0.0243316114520548,False
2025-04-24 00:00:00-04:00,204.38970763388747,208.32008954356945,202.44447210591895,207.8612060546875,47311000,0.0,0.0,0.0184261649194354,False
2025-04-25 00:00:00-04:00,205.86608387594285,209.2378355121778,205.69650080604464,208.76898193359375,38222300,0.0,0.0,0.0043672212633434,False
2025-04-28 00:00:00-04:00,209.48723454234343,210.9835719319316,206.95344326011443,209.62689208984375,38743100,0.0,0.0,0.0041093755801466,False
2025-04-29 00:00:00-04:00,208.18043904370697,211.72177396764008,207.86121308906752,210.6942901611328,36827600,0.0,0.0,0.0050918947499902,False
2025-04-30 00:00:00-04:00,208.78894157113288,213.0584895980106,206.1653585429303,211.9811248779297,52286500,0.0,0.0,0.0061075917900421,False
2025-05-01 00:00:00-04:00,208.56948083895412,214.0360957896086,208.3899124386699,212.79913330078125,57365700,0.0,0.0,0.0038588738658813,False
2025-05-02 00:00:00-04:00,205.58677037884885,206.48458191182937,201.66637387157863,204.8485870361328,101010600,0.0,0.0,-0.0373617417577106,False
2025-05-05 00:00:00-04:00,202.6040848015313,203.60164304236295,197.72602561272544,198.40435791015625,69018500,0.0,0.0,-0.0314584992711708,False
2025-05-06 00:00:00-04:00,197.72602851406057,200.1600578713198,196.538931754607,198.02528381347656,51216500,0.0,0.0,-0.0019106137620794,False
2025-05-07 00:00:00-04:00,198.6836658614824,198.9530108388585,192.77812311451905,195.7707977294922,68536700,0.0,0.0,-0.0113848395546697,False
2025-05-08 00:00:00-04:00,197.2372161152265,199.56152863729463,194.20463054641704,197.00778198242188,50478900,0.0,0.0,0.0063185330359583,False
2025-05-09 00:00:00-04:00,198.51409591462888,200.0503289543839,197.05765414160055,198.0452423095703,36453900,0.0,0.0,0.0052660880535218,False
2025-05-12 00:00:00-04:00,210.7308445260501,211.0305074927824,206.5156271207593,210.5510406494141,63775800,0.26,0.0,0.0631461689965546,False
2025-05-13 00:00:00-04:00,210.19144790738707,213.1580823159532,208.7630762803323,212.68861389160156,51909300,0.0,0.0,0.0101522805852418,False
2025-05-14 00:00:00-04:00,212.18917192393897,213.69746987061376,210.34127831689767,212.08929443359375,49325800,0.0,0.0,-0.0028178257737542,False
2025-05-15 00:00:00-04:00,210.71086343228015,212.71859464512332,209.30245815432872,211.21029663085935,45029500,0.0,0.0,-0.0041444703990449,False
2025-05-16 00:00:00-04:00,212.11926693678467,212.32903558469047,209.53220664773164,211.0205078125,54737900,0.0,0.0,-0.0008985774907133,False
2025-05-19 00:00:00-04:00,207.67431083672193,209.2425231134968,204.02843943795537,208.54331970214844,46140500,0.0,0.0,-0.0117390870490778,False
2025-05-20 00:00:00-04:00,207.4345828831543,208.2336790492342,204.79757620413463,206.62550354003903,42496600,0.0,0.0,-0.0091962483614842,False
2025-05-21 00:00:00-04:00,204.93741112479617,206.80528635778637,200.4824756537251,201.86090087890625,59211800,0.0,0.0,-0.0230591218387983,False
2025-05-22 00:00:00-04:00,200.4824720941681,202.52015274475195,199.4736073247078,201.13172912597656,46742400,0.0,0.0,-0.0036122485818445,False
2025-05-23 00:00:00-04:00,193.4504526925712,197.4758830409797,193.24069928507132,195.04864501953125,78432900,0.0,0.0,-0.0302442788757374,False
2025-05-27 00:00:00-04:00,198.07520901450675,200.51244545494848,197.20618488735448,199.98304748535156,56288500,0.0,0.0,0.025298317070217,False
2025-05-28 00:00:00-04:00,200.36260025266836,202.50017366149785,199.67338002302156,200.1927947998047,45339700,0.0,0.0,0.0010488254734115,False
2025-05-29 00:00:00-04:00,203.3492174371598,203.57895243464628,198.28495762525483,199.72332763671875,51396800,0.0,0.0,-0.0023450752238881,False
2025-05-30 00:00:00-04:00,199.14398126681596,201.73105672211125,196.55692105301176,200.622314453125,70819900,0.0,0.0,0.0045011608160336,False
2025-06-02 00:00:00-04:00,200.05295557621693,201.9008644592711,199.89313329888972,201.47134399414065,35423300,0.0,0.0,0.0042319795947425,False
2025-06-03 00:00:00-04:00,201.1217444882778,203.5389992121068,200.7321872237246,203.03956604003903,46381600,0.0,0.0,0.0077838466493975,False
2025-06-04 00:00:00-04:00,202.6799822074808,206.0062091045683,201.8709028727957,202.590087890625,43604000,0.0,0.0,-0.0022137466021052,False
2025-06-05 00:00:00-04:00,203.26931435006065,204.5178973620389,199.92310578136215,200.4025726318359,55126100,0.0,0.0,-0.0107977408054142,False
2025-06-06 00:00:00-04:00,202.76987228695745,205.4668084267123,201.82095228760733,203.68882751464844,46607700,0.0,0.0,0.0163982669466511,False
2025-06-09 00:00:00-04:00,204.15830357568728,205.76647909477697,199.79326227022588,201.2216339111328,72862600,0.0,0.0,-0.0121125622530189,False
2025-06-10 00:00:00-04:00,200.3726011094186,204.11835001917973,200.34263633745985,202.44024658203125,54672600,0.0,0.0,0.0060560718408471,False
2025-06-11 00:00:00-04:00,203.26930749599725,204.26817387189897,198.18508130061548,198.55465698242188,60989900,0.0,0.0,-0.0191937604562978,False
2025-06-12 00:00:00-04:00,198.85432303920933,199.45363372918547,197.13627162659284,198.97418212890625,43904600,0.0,0.0,0.002112895022762,False
2025-06-13 00:00:00-04:00,199.50357538920457,200.1428492549886,195.47814514596445,196.227294921875,51447300,0.0,0.0,-0.0138052443670891,False
2025-06-16 00:00:00-04:00,197.07634287373045,198.46476655376847,196.33717625414863,198.195068359375,43020700,0.0,0.0,0.0100280312088256,False
2025-06-17 00:00:00-04:00,196.97644196425617,198.16509536417735,194.98870767431248,195.418212890625,38856200,0.0,0.0,-0.0140107192965815,False
2025-06-18 00:00:00-04:00,195.71787336797544,197.3460303816964,194.84886452825484,196.35714721679688,45394700,0.0,0.0,0.0048047431827522,False
2025-06-20 00:00:00-04:00,198.01527480684123,201.4713439140944,196.6368343380514,200.7721405029297,96813500,0.0,0.0,0.0224845051413291,False
2025-06-23 00:00:00-04:00,201.40143343464243,202.07067208145295,198.7344620242812,201.2715759277344,55814300,0.0,0.0,0.0024875733433613,False
2025-06-24 00:00:00-04:00,202.36033429336192,203.2093768046809,199.9730442780961,200.07293701171875,54064000,0.0,0.0,-0.0059553313004613,False
2025-06-25 00:00:00-04:00,201.2216365357081,203.43912119943792,200.39257558111612,201.33151245117188,39525700,0.0,0.0,0.0062905831155934,False
2025-06-26 00:00:00-04:00,201.20164572639828,202.41028074115465,199.23389299836737,200.7721405029297,50799100,0.0,0.0,-0.0027783626191049,False
2025-06-27 00:00:00-04:00,201.66113009938155,202.98962419564972,199.77327327657756,200.85205078125,73188600,0.0,0.0,0.0003980147749589,False
2025-06-30 00:00:00-04:00,201.7809871041056,207.15489297707504,199.0341046248948,204.9374084472656,91912800,0.0,0.0,0.0203401341939248,False
2025-07-01 00:00:00-04:00,206.4357061767528,209.95171998702364,205.90630823197935,207.58441162109375,78788900,0.0,0.0,0.012916154224275,True
2025-07-02 00:00:00-04:00,208.6731759252599,213.09814660534315,207.9040445567577,212.1991729736328,67941800,0.0,0.0,0.0222307702033157,True
2025-07-03 00:00:00-04:00,211.90950026104147,214.4066662563,211.56988934364432,213.30792236328125,34955800,0.0,0.0,0.0052250410504013,True
2025-07-07 00:00:00-04:00,212.43889126622693,215.9848699115094,208.563300132892,209.7119903564453,50229000,0.0,0.0,-0.016857939297312,True
2025-07-08 00:00:00-04:00,209.8618364392891,211.1903153368944,208.213697736729,209.7719268798828,42848900,0.0,0.0,0.0002858039892503,True
2025-07-09 00:00:00-04:00,209.2924745188519,211.09043707809712,206.98509558510867,210.9006500244141,48749400,0.0,0.0,0.0053807159104639,True
2025-07-10 00:00:00-04:00,210.27134950514616,213.237983779078,209.7918979255535,212.1692047119141,44443600,0.0,0.0,0.0060149396758766,True
2025-07-11 00:00:00-04:00,210.33129628612951,211.88952536572023,209.6220944658076,210.92062377929688,39765800,0.0,0.0,-0.0058848358050478,True
2025-07-14 00:00:00-04:00,209.69201166358403,210.670911689046,207.3047216270235,208.3834991455078,38840100,0.0,0.0,-0.0120288124903511,True
2025-07-15 00:00:00-04:00,208.9828312368767,211.64980271899068,208.6831682659836,208.8729553222656,42296300,0.0,0.0,0.0023488240612374,True
2025-07-16 00:00:00-04:00,210.06160887608695,212.1592191902425,208.40348697906975,209.92176818847656,47490500,0.0,0.0,0.0050212956703405,False
2025-07-17 00:00:00-04:00,210.33130094399476,211.5599023237274,209.35240091776063,209.78192138671875,48068100,0.0,0.0,-0.0006661853268702,False
2025-07-18 00:00:00-04:00,210.63095139102305,211.54990664350103,209.46227954032304,210.9405975341797,48974600,0.0,0.0,0.0055232411820893,False
2025-07-21 00:00:00-04:00,211.8595616297783,215.53538252867688,211.39009321998003,212.23912048339844,51377400,0.0,0.0,0.006155870251616,False
2025-07-22 00:00:00-04:00,212.89838571641525,214.7063314773177,211.9894136266437,214.15695190429688,46404100,0.0,0.0,0.0090361824744202,False
2025-07-23 00:00:00-04:00,214.75626907170553,214.90609293027535,212.1692088371252,213.9072265625,46989300,0.0,0.0,-0.0011660856188711,False
2025-07-24 00:00:00-04:00,213.65751035981805,215.44548969662856,213.28793468034505,213.5176696777344,46022600,0.0,0.0,-0.0018211487803653,False
2025-07-25 00:00:00-04:00,214.45660521718813,214.9960015887686,213.15807589620647,213.63754272460935,40268800,0.0,0.0,0.0005614197975087,False
2025-07-28 00:00:00-04:00,213.78737619229815,214.6064539631857,212.81847455673216,213.8073577880859,37858000,0.0,0.0,0.0007948746335069,False
2025-07-29 00:00:00-04:00,213.93719187335407,214.5664825639156,210.58101550100253,211.0305023193359,51411700,0.0,0.0,-0.0129876515826095,False
2025-07-30 00:00:00-04:00,211.65977882345743,212.14922883427735,207.4845246907379,208.81301879882812,45512500,0.0,0.0,-0.010507881543836,False
2025-07-31 00:00:00-04:00,208.25365677749065,209.60211724381097,206.92516266487007,207.3347015380859,80698400,0.0,0.0,-0.0070796220908352,False
2025-08-01 00:00:00-04:00,210.63095505795985,213.33788973606855,201.27158167093617,202.1505889892578,104434500,0.0,0.0,-0.0250035932739211,False
2025-08-04 00:00:00-04:00,204.27816503495924,207.64435521756303,201.4513712516652,203.11949157714844,75109300,0.0,0.0,0.0047929743501371,False
2025-08-05 00:00:00-04:00,203.1694082424696,205.1072113881769,201.93082373064988,202.68995666503903,44155100,0.0,0.0,-0.0021146907604691,False
2025-08-06 00:00:00-04:00,205.39689808550256,215.1358452662651,205.3569348951669,213.0082550048828,108483100,0.0,0.0,0.0509068061862361,False
2025-08-07 00:00:00-04:00,218.63187314031333,220.59964108330857,216.33447747046455,219.7805633544922,90224800,0.0,0.0,0.0317936426898297,False
2025-08-08 00:00:00-04:00,220.57966572513484,230.73813503605493,219.00145500716468,229.0900115966797,113854000,0.0,0.0,0.0423579232853814,False
2025-08-11 00:00:00-04:00,227.9199981689453,229.55999755859375,224.7599945068359,227.17999267578125,61806100,0.26,0.0,-0.0083374168414688,False
2025-08-12 00:00:00-04:00,228.0099945068359,230.8000030517578,227.07000732421875,229.6499938964844,55626200,0.0,0.0,0.0108724416776797,False
2025-08-13 00:00:00-04:00,231.07000732421875,235.0,230.42999267578125,233.3300018310547,69878500,0.0,0.0,0.0160244199101919,False
2025-08-14 00:00:00-04:00,234.05999755859375,235.1199951171875,230.8500061035156,232.77999877929688,51916300,0.0,0.0,-0.0023571895917441,False
2025-08-15 00:00:00-04:00,234.0,234.27999877929688,229.33999633789065,231.58999633789065,56038700,0.0,0.0,-0.0051121335494743,False
2025-08-18 00:00:00-04:00,231.6999969482422,233.1199951171875,230.11000061035156,230.88999938964844,37476200,0.0,0.0,-0.0030225698834628,False
2025-08-19 00:00:00-04:00,231.27999877929688,232.8699951171875,229.3500061035156,230.55999755859375,39402600,0.0,0.0,-0.0014292599589719,False
2025-08-20 00:00:00-04:00,229.97999572753903,230.47000122070312,225.77000427246097,226.0099945068359,42263900,0.0,0.0,-0.0197345727790506,False
2025-08-21 00:00:00-04:00,226.27000427246097,226.52000427246097,223.77999877929688,224.8999938964844,30621200,0.0,0.0,-0.0049112899311095,False
2025-08-22 00:00:00-04:00,226.1699981689453,229.08999633789065,225.41000366210935,227.7599945068359,42477800,0.0,0.0,0.0127167660647777,False
2025-08-25 00:00:00-04:00,226.47999572753903,229.3000030517578,226.22999572753903,227.16000366210935,30983100,0.0,0.0,-0.0026343118159346,False
2025-08-26 00:00:00-04:00,226.8699951171875,229.4900054931641,224.69000244140625,229.30999755859375,54575100,0.0,0.0,0.0094646674670881,False
2025-08-27 00:00:00-04:00,228.61000061035156,230.8999938964844,228.2599945068359,230.4900054931641,31259500,0.0,0.0,0.0051459070565329,False
2025-08-28 00:00:00-04:00,230.82000732421875,233.41000366210935,229.33999633789065,232.55999755859375,38074700,0.0,0.0,0.008980832210059,False
2025-08-29 00:00:00-04:00,232.5099945068359,233.3800048828125,231.3699951171875,232.13999938964844,39418400,0.0,0.0,-0.0018059776976024,False
2025-09-02 00:00:00-04:00,229.25,230.8500061035156,226.97000122070312,229.72000122070312,44075600,0.0,0.0,-0.0104247358288449,False
2025-09-03 00:00:00-04:00,237.2100067138672,238.8500061035156,234.36000061035156,238.47000122070312,66427800,0.0,0.0,0.0380898483088263,False
2025-09-04 00:00:00-04:00,238.4499969482422,239.8999938964844,236.7400054931641,239.77999877929688,47549400,0.0,0.0,0.0054933431957395,False
2025-09-05 00:00:00-04:00,240.0,241.32000732421875,238.4900054931641,239.69000244140625,54870400,0.0,0.0,-0.0003753287945149,False
2025-09-08 00:00:00-04:00,239.3000030517578,240.1499938964844,236.33999633789065,237.8800048828125,48999500,0.0,0.0,-0.0075514103223234,False
2025-09-09 00:00:00-04:00,237.0,238.77999877929688,233.36000061035156,234.3500061035156,66313900,0.0,0.0,-0.0148394093948159,False
2025-09-10 00:00:00-04:00,232.19000244140625,232.4199981689453,225.9499969482422,226.7899932861328,83440800,0.0,0.0,-0.032259494860194,False
2025-09-11 00:00:00-04:00,226.8800048828125,230.4499969482422,226.6499938964844,230.02999877929688,50208600,0.0,0.0,0.0142863688393706,False
2025-09-12 00:00:00-04:00,229.22000122070312,234.5099945068359,229.02000427246097,234.07000732421875,55824200,0.0,0.0,0.0175629638149852,False
2025-09-15 00:00:00-04:00,237.0,238.19000244140625,235.02999877929688,236.6999969482422,42699500,0.0,0.0,0.0112359103760806,False
2025-09-16 00:00:00-04:00,237.17999267578125,241.22000122070312,236.32000732421875,238.1499938964844,63421100,0.0,0.0,0.0061258849469238,False
2025-09-17 00:00:00-04:00,238.97000122070312,240.1000061035156,237.72999572753903,238.9900054931641,46508000,0.0,0.0,0.0035272375318422,False
2025-09-18 00:00:00-04:00,239.97000122070312,241.1999969482422,236.6499938964844,237.8800048828125,44249600,0.0,0.0,-0.0046445482440198,False
2025-09-19 00:00:00-04:00,241.22999572753903,246.3000030517578,240.2100067138672,245.5,163741300,0.0,0.0,0.0320329366099574,False
2025-09-22 00:00:00-04:00,248.3000030517578,256.6400146484375,248.1199951171875,256.0799865722656,105517400,0.0,0.0,0.0430956683188008,False
2025-09-23 00:00:00-04:00,255.8800048828125,257.3399963378906,253.5800018310547,254.42999267578125,60232300,0.0,0.0,-0.0064432754725202,False
