,Bond_Price,Interest_Rate,Bond_Return,Rate_Change
2023-09-25,82.1396713256836,4.541999816894531,,
2023-09-26,81.8541259765625,4.558000087738037,-0.0034763390760221835,0.01600027084350586
2023-09-27,81.43045806884766,4.625999927520752,-0.005175889457742833,0.06799983978271484
2023-09-28,81.67913055419922,4.5970001220703125,0.0030538018727748195,-0.028999805450439453
2023-09-29,81.68834686279297,4.572999954223633,0.00011283553744045882,-0.024000167846679688
2023-10-02,80.32086944580078,4.683000087738037,-0.01674017738771305,0.1100001335144043
2023-10-03,78.5930404663086,4.802000045776367,-0.021511582125715134,0.11899995803833008
2023-10-04,79.70182800292969,4.735000133514404,0.014107960832695055,-0.06699991226196289
2023-10-05,79.30451202392578,4.7170000076293945,-0.004985029690778298,-0.018000125885009766
2023-10-06,78.34358215332031,4.783999919891357,-0.012116963412063586,0.06699991226196289
2023-10-09,80.18228912353516,4.796999931335449,0.023469784246225256,0.013000011444091797
2023-10-10,80.07140350341797,4.65500020980835,-0.0013829191125529494,-0.1419997215270996
2023-10-11,81.7437744140625,4.59499979019165,0.02088599471811614,-0.06000041961669922
2023-10-12,79.52625274658203,4.711999893188477,-0.027127713191317793,0.11700010299682617
2023-10-13,80.94916534423828,4.629000186920166,0.017892363194711214,-0.08299970626831055
2023-10-16,79.6463623046875,4.711999893188477,-0.016094088604997725,0.08299970626831055
2023-10-17,78.76860809326172,4.8470001220703125,-0.011020644082499698,0.13500022888183594
2023-10-18,78.07563781738281,4.9039998054504395,-0.008797543750657999,0.05699968338012695
2023-10-19,76.4771499633789,4.98799991607666,-0.020473580475163455,0.0840001106262207
2023-10-20,76.91142272949219,4.923999786376953,0.005678464303667585,-0.06400012969970703
2023-10-23,77.83538055419922,4.8379998207092285,0.0120132717861261,-0.08599996566772461
2023-10-24,78.86100769042969,4.840000152587891,0.01317687572062809,0.0020003318786621094
2023-10-25,77.1054458618164,4.953000068664551,-0.02226146837363241,0.11299991607666016
2023-10-26,78.28814697265625,4.84499979019165,0.015338749392091122,-0.10800027847290039
2023-10-27,77.95549774169922,4.84499979019165,-0.0042490369720108445,0.0
2023-10-30,77.60438537597656,4.875,-0.004504010312217477,0.03000020980834961
2023-10-31,77.22557067871094,4.875,-0.004881356838667639,0.0
2023-11-01,78.89999389648438,4.789000034332275,0.02168223818946835,-0.08599996566772461
2023-11-02,80.69863891601562,4.669000148773193,0.02279651658644033,-0.11999988555908203
2023-11-03,81.24565124511719,4.558000087738037,0.006778457932491877,-0.11100006103515625
2023-11-06,80.45759582519531,4.6620001792907715,-0.009699662786188057,0.10400009155273438
2023-11-07,81.64433288574219,4.571000099182129,0.014749844913651389,-0.09100008010864258
2023-11-08,83.0350341796875,4.5229997634887695,0.0170336537122735,-0.048000335693359375
2023-11-09,81.1251449584961,4.630000114440918,-0.02300100481753775,0.10700035095214844
2023-11-10,81.57942962646484,4.627999782562256,0.005599801001294535,-0.0020003318786621094
2023-11-13,81.39398956298828,4.631999969482422,-0.0022731228242910406,0.004000186920166016
2023-11-14,83.23902893066406,4.440999984741211,0.022668005065017205,-0.19099998474121094
2023-11-15,82.0708236694336,4.534999847412109,-0.014034345141190396,0.09399986267089844
2023-11-16,83.09068298339844,4.445000171661377,0.012426575832510833,-0.08999967575073242
2023-11-17,83.48008728027344,4.440999984741211,0.0046864977262588425,-0.004000186920166016
2023-11-20,83.98999786376953,4.421999931335449,0.006108170224884191,-0.01900005340576172
2023-11-21,83.95294189453125,4.418000221252441,-0.0004411950253694341,-0.0039997100830078125
2023-11-22,84.24961853027344,4.415999889373779,0.003533844425784416,-0.0020003318786621094
2023-11-24,83.257568359375,4.4720001220703125,-0.011775129528236006,0.0560002326965332
2023-11-27,84.6482925415039,4.388999938964844,0.016703877011227997,-0.08300018310546875
2023-11-28,84.81517791748047,4.335999965667725,0.0019715149705439305,-0.05299997329711914
2023-11-29,85.88140106201172,4.270999908447266,0.01257113609510574,-0.06500005722045898
2023-11-30,84.88932037353516,4.3520002365112305,-0.011551752488996092,0.08100032806396484
2023-12-01,86.48814392089844,4.22599983215332,0.01883421307094979,-0.12600040435791016
2023-12-04,86.1440200805664,4.288000106811523,-0.003978855652709612,0.062000274658203125
2023-12-05,87.994873046875,4.171000003814697,0.02148556527287182,-0.11700010299682617
2023-12-06,89.16679382324219,4.120999813079834,0.013318057470722122,-0.05000019073486328
2023-12-07,88.6552505493164,4.129000186920166,-0.005736925732014453,0.008000373840332031
2023-12-08,87.92977905273438,4.244999885559082,-0.008183062955515186,0.11599969863891602
2023-12-11,87.74375915527344,4.238999843597412,-0.0021155506071427466,-0.006000041961669922
2023-12-12,88.00416564941406,4.205999851226807,0.0029678064474056853,-0.03299999237060547
2023-12-13,90.06895446777344,4.0329999923706055,0.023462398661728834,-0.17299985885620117
2023-12-14,92.41192626953125,3.930000066757202,0.02601308981105266,-0.10299992561340332
2023-12-15,92.51455688476562,3.927999973297119,0.0011105775994220135,-0.002000093460083008
2023-12-18,91.77742004394531,3.9539999961853027,-0.00796779302243733,0.026000022888183594
2023-12-19,92.27196502685547,3.921999931335449,0.0053885256599428555,-0.032000064849853516
2023-12-20,92.89710998535156,3.877000093460083,0.006775025960638725,-0.04499983787536621
2023-12-21,92.30928802490234,3.8940000534057617,-0.006327666819149758,0.01699995994567871
2023-12-22,91.88939666748047,3.9010000228881836,-0.004548744404881511,0.006999969482421875
2023-12-26,92.15067291259766,3.885999917984009,0.002843377523335633,-0.015000104904174805
2023-12-27,93.7835464477539,3.7890000343322754,0.01771960511568893,-0.0969998836517334
2023-12-28,93.1023941040039,3.8499999046325684,-0.007263026080267299,0.06099987030029297
2023-12-29,92.26261138916016,3.865999937057495,-0.009019990548316481,0.016000032424926758
2024-01-02,91.73076629638672,3.946000099182129,-0.005764470404269528,0.08000016212463379
2024-01-03,92.11333465576172,3.9070000648498535,0.004170556671672321,-0.03900003433227539
2024-01-04,90.71371459960938,3.990999937057495,-0.015194543345791178,0.0839998722076416
2024-01-05,89.84595489501953,4.041999816894531,-0.009565915235859812,0.05099987983703613
2024-01-08,90.73238372802734,4.001999855041504,0.009866096187007622,-0.039999961853027344
2024-01-09,90.15388488769531,4.019000053405762,-0.006375880546311885,0.017000198364257812
2024-01-10,89.73397064208984,4.03000020980835,-0.004657749869886985,0.01100015640258789
2024-01-11,90.23784637451172,3.9769999980926514,0.005615217167104003,-0.05300021171569824
2024-01-12,90.06055450439453,3.950000047683716,-0.0019647174355356123,-0.026999950408935547
2024-01-16,88.47431945800781,4.065999984741211,-0.017612983343438304,0.11599993705749512
2024-01-17,88.33435821533203,4.105999946594238,-0.0015819420090844583,0.039999961853027344
2024-01-18,87.51326751708984,4.144000053405762,-0.009295258547536212,0.03800010681152344
2024-01-19,87.79318237304688,4.145999908447266,0.0031985419342543953,0.0019998550415039062
2024-01-22,88.31570434570312,4.093999862670898,0.0059517374644875165,-0.05200004577636719
2024-01-23,87.61589050292969,4.142000198364258,-0.007924002282018616,0.048000335693359375
2024-01-24,87.10272979736328,4.177999973297119,-0.0058569364828774395,0.03599977493286133
2024-01-25,87.671875,4.131999969482422,0.006534183302415286,-0.046000003814697266
2024-01-26,87.50395202636719,4.159999847412109,-0.0019153573895027698,0.0279998779296875
2024-01-29,88.51165008544922,4.091000080108643,0.011516029113500803,-0.0689997673034668
2024-01-30,89.3141098022461,4.059000015258789,0.009066147970602456,-0.032000064849853516
2024-01-31,90.1911849975586,3.9670000076293945,0.009820119097133428,-0.09200000762939453
2024-02-01,91.96038055419922,3.86299991607666,0.019616058450595997,-0.10400009155273438
2024-02-02,89.9290771484375,4.0329999923706055,-0.022088897343835123,0.1700000762939453
2024-02-05,88.11309814453125,4.164000034332275,-0.020193457572224238,0.13100004196166992
2024-02-06,88.97428894042969,4.090000152587891,0.009773697827374361,-0.07399988174438477
2024-02-07,88.54369354248047,4.110000133514404,-0.004839548627778467,0.019999980926513672
2024-02-08,88.02885437011719,4.170000076293945,-0.005814521077283419,0.059999942779541016
2024-02-09,87.85102081298828,4.186999797821045,-0.0020201734806317706,0.01699972152709961
2024-02-12,87.95396423339844,4.171999931335449,0.001171795381061047,-0.014999866485595703
2024-02-13,86.44688415527344,4.315999984741211,-0.017134873808822837,0.14400005340576172
2024-02-14,86.88683319091797,4.267000198364258,0.0050892410980865055,-0.048999786376953125
2024-02-15,87.3361587524414,4.239999771118164,0.005171388402845034,-0.02700042724609375
2024-02-16,86.8306884765625,4.295000076293945,-0.005787640343923095,0.05500030517578125
2024-02-20,86.9055404663086,4.275000095367432,0.0008620453328123112,-0.019999980926513672
2024-02-21,86.28773498535156,4.324999809265137,-0.007108930887974152,0.04999971389770508
2024-02-22,86.70899200439453,4.327000141143799,0.00488200344016998,0.0020003318786621094
2024-02-23,87.86971282958984,4.260000228881836,0.013386395094253656,-0.06699991226196289
2024-02-26,87.60760498046875,4.298999786376953,-0.0029829145979959337,0.03899955749511719
2024-02-27,86.98979949951172,4.315000057220459,-0.007051961768556159,0.01600027084350586
2024-02-28,87.5420913696289,4.27400016784668,0.006348926808599886,-0.0409998893737793
2024-02-29,88.15990447998047,4.251999855041504,0.00705732637506884,-0.02200031280517578
2024-03-01,88.70922088623047,4.179999828338623,0.006230909725801093,-0.07200002670288086
2024-03-04,88.35238647460938,4.218999862670898,-0.004022517705106865,0.03900003433227539
2024-03-05,89.6106948852539,4.13700008392334,0.014241928948983684,-0.0819997787475586
2024-03-06,90.13654327392578,4.104000091552734,0.005868143186984698,-0.03299999237060547
2024-03-07,90.05203247070312,4.0920000076293945,-0.00093758646774178,-0.012000083923339844
2024-03-08,89.89239501953125,4.089000225067139,-0.0017727245770250422,-0.0029997825622558594
2024-03-11,89.84544372558594,4.104000091552734,-0.0005223055180041403,0.014999866485595703
2024-03-12,89.09422302246094,4.15500020980835,-0.008361255417909108,0.051000118255615234
2024-03-13,88.66227722167969,4.191999912261963,-0.004848190894176763,0.03699970245361328
2024-03-14,87.30068969726562,4.297999858856201,-0.015357010524438941,0.10599994659423828
2024-03-15,87.27253723144531,4.303999900817871,-0.0003224770149919953,0.006000041961669922
2024-03-18,87.0096206665039,4.340000152587891,-0.0030125922000429073,0.03600025177001953
2024-03-19,87.25374603271484,4.296999931335449,0.002805728427970555,-0.043000221252441406
2024-03-20,87.22557830810547,4.2729997634887695,-0.0003228253901994549,-0.024000167846679688
2024-03-21,87.41337585449219,4.270999908447266,0.002153010046243242,-0.0019998550415039062
2024-03-22,88.2491226196289,4.2179999351501465,0.009560856756383629,-0.05299997329711914
2024-03-25,87.8077621459961,4.252999782562256,-0.005001301548743564,0.034999847412109375
2024-03-26,88.05191040039062,4.234000205993652,0.002780486012029293,-0.018999576568603516
2024-03-27,88.92520141601562,4.196000099182129,0.009917911055580264,-0.03800010681152344
2024-03-28,88.85008239746094,4.205999851226807,-0.000844743867413511,0.009999752044677734
2024-04-01,87.19381713867188,4.328999996185303,-0.01864112237262705,0.1230001449584961
2024-04-02,86.71333312988281,4.364999771118164,-0.005510528436034723,0.03599977493286133
2024-04-03,86.69451141357422,4.355000019073486,-0.00021705677349992403,-0.009999752044677734
2024-04-04,87.3162841796875,4.309000015258789,0.007171996888558851,-0.046000003814697266
2024-04-05,86.10095977783203,4.377999782562256,-0.013918645453973588,0.0689997673034668
2024-04-08,86.0915298461914,4.423999786376953,-0.00010952179470424817,0.046000003814697266
2024-04-09,86.8923568725586,4.366000175476074,0.009302041998764832,-0.057999610900878906
2024-04-10,84.99866485595703,4.559999942779541,-0.021793539555831853,0.1939997673034668
2024-04-11,84.61238861083984,4.576000213623047,-0.0045444977961923705,0.01600027084350586
2024-04-12,85.06462860107422,4.499000072479248,0.005344843676667432,-0.07700014114379883
2024-04-15,83.74564361572266,4.627999782562256,-0.01550568088102966,0.1289997100830078
2024-04-16,83.18978881835938,4.658999919891357,-0.006637417462738604,0.031000137329101562
2024-04-17,84.11307525634766,4.585000038146973,0.011098554896012969,-0.07399988174438477
2024-04-18,83.68912506103516,4.646999835968018,-0.00504024129447711,0.06199979782104492
2024-04-19,83.99059295654297,4.614999771118164,0.003602235001118226,-0.032000064849853516
2024-04-22,83.8492660522461,4.623000144958496,-0.0016826515842077727,0.008000373840332031
2024-04-23,83.87754821777344,4.5980000495910645,0.00033729771122525953,-0.02500009536743164
2024-04-24,83.28400421142578,4.6519999504089355,-0.007076315640588637,0.053999900817871094
2024-04-25,82.69989013671875,4.705999851226807,-0.007013520546204632,0.053999900817871094
2024-04-26,83.13324737548828,4.669000148773193,0.005240118675527983,-0.03699970245361328
2024-04-29,83.83041381835938,4.613999843597412,0.008386132683139369,-0.05500030517578125
2024-04-30,83.11441040039062,4.685999870300293,-0.008541093683733458,0.07200002670288086
2024-05-01,83.72705078125,4.59499979019165,0.0073710488699623156,-0.09100008010864258
2024-05-02,84.08631896972656,4.571000099182129,0.004290945221696818,-0.023999691009521484
2024-05-03,84.93719482421875,4.5,0.010119076027082619,-0.0710000991821289
2024-05-06,85.26810455322266,4.488999843597412,0.0038959342804849584,-0.01100015640258789
2024-05-07,85.7880859375,4.4629998207092285,0.0060981933045407555,-0.026000022888183594
2024-05-08,85.26810455322266,4.492000102996826,-0.006061230747777424,0.029000282287597656
2024-05-09,85.68408203125,4.448999881744385,0.004878465168270507,-0.043000221252441406
2024-05-10,85.20191955566406,4.504000186920166,-0.005627211777913255,0.05500030517578125
2024-05-13,85.41936492919922,4.480999946594238,0.0025521182465038095,-0.023000240325927734
2024-05-14,85.90151977539062,4.445000171661377,0.005644561354337441,-0.03599977493286133
2024-05-15,87.0738525390625,4.355999946594238,0.013647404222151271,-0.08900022506713867
2024-05-16,86.98878479003906,4.376999855041504,-0.0009769608963295928,0.020999908447265625
2024-05-17,86.40261840820312,4.420000076293945,-0.006738413270753751,0.043000221252441406
2024-05-20,86.1473388671875,4.436999797821045,-0.002954534778212059,0.01699972152709961
2024-05-21,86.59169006347656,4.414000034332275,0.0051580374058231016,-0.02299976348876953
2024-05-22,86.69569396972656,4.434000015258789,0.0012010841476099987,0.019999980926513672
2024-05-23,86.13788604736328,4.474999904632568,-0.006434090285476701,0.0409998893737793
2024-05-24,86.39315795898438,4.4670000076293945,0.002963526542556716,-0.007999897003173828
2024-05-28,85.1546401977539,4.541999816894531,-0.014335831569190494,0.07499980926513672
2024-05-29,84.12413787841797,4.624000072479248,-0.012101540408635536,0.0820002555847168
2024-05-30,84.93719482421875,4.553999900817871,0.009664966159604216,-0.07000017166137695
2024-05-31,85.51392364501953,4.513999938964844,0.006790062021642562,-0.039999961853027344
2024-06-03,86.89705657958984,4.4019999504089355,0.016174359398030802,-0.1119999885559082
2024-06-04,87.91212463378906,4.335999965667725,0.011681270852592185,-0.06599998474121094
2024-06-05,88.55721282958984,4.289000034332275,0.00733787516213491,-0.04699993133544922
2024-06-06,88.42440795898438,4.281000137329102,-0.0014996505237921953,-0.007999897003173828
2024-06-07,86.80219268798828,4.429999828338623,-0.018345786061112923,0.14899969100952148
2024-06-10,86.2235107421875,4.468999862670898,-0.006666674284149243,0.03900003433227539
2024-06-11,87.115234375,4.4039998054504395,0.010342000982525468,-0.06500005722045898
2024-06-12,87.76982879638672,4.295000076293945,0.007514121107324634,-0.10899972915649414
2024-06-13,89.05999755859375,4.23799991607666,0.014699456292663449,-0.057000160217285156
2024-06-14,89.80944061279297,4.2129998207092285,0.008415035647246105,-0.02500009536743164
2024-06-17,88.9177017211914,4.2789998054504395,-0.009929233335794097,0.06599998474121094
2024-06-18,89.7335205078125,4.2170000076293945,0.009174987329060302,-0.06199979782104492
2024-06-20,89.1358871459961,4.254000186920166,-0.006660090437044408,0.037000179290771484
2024-06-21,89.1358871459961,4.256999969482422,0.0,0.0029997825622558594
2024-06-24,89.49638366699219,4.248000144958496,0.0040443477093086155,-0.008999824523925781
2024-06-25,89.64814758300781,4.23799991607666,0.0016957547310552101,-0.010000228881835938
2024-06-26,88.36747741699219,4.315999984741211,-0.014285517331295794,0.07800006866455078
2024-06-27,88.71847534179688,4.288000106811523,0.0039720260786486605,-0.0279998779296875
2024-06-28,87.06780242919922,4.3429999351501465,-0.01860574030649509,0.05499982833862305
2024-07-01,85.56511688232422,4.479000091552734,-0.017258797224116607,0.1360001564025879
2024-07-02,86.23128509521484,4.435999870300293,0.0077855116332838925,-0.043000221252441406
2024-07-03,87.3637924194336,4.355000019073486,0.01313336943741783,-0.08099985122680664
2024-07-05,88.08704376220703,4.271999835968018,0.00827861660699325,-0.08300018310546875
2024-07-08,88.27739715576172,4.269000053405762,0.0021609692575057515,-0.0029997825622558594
2024-07-09,87.88720703125,4.300000190734863,-0.004420045641165049,0.031000137329101562
2024-07-10,88.16319274902344,4.28000020980835,0.0031402262865778408,-0.019999980926513672
2024-07-11,89.01969146728516,4.192999839782715,0.009714924012563131,-0.08700037002563477
2024-07-12,89.40037536621094,4.189000129699707,0.004276401014776443,-0.0039997100830078125
2024-07-15,88.37255096435547,4.229000091552734,-0.011496868974489094,0.039999961853027344
2024-07-16,89.61924743652344,4.166999816894531,0.014107281713196418,-0.062000274658203125
2024-07-17,89.63829803466797,4.145999908447266,0.00021257261904628066,-0.020999908447265625
2024-07-18,88.95308685302734,4.189000129699707,-0.007644178846140215,0.043000221252441406
2024-07-19,88.42965698242188,4.238999843597412,-0.005884336217250152,0.04999971389770508
2024-07-22,88.17271423339844,4.260000228881836,-0.002905617388909598,0.021000385284423828
2024-07-23,88.04899597167969,4.238999843597412,-0.0014031354574303156,-0.021000385284423828
2024-07-24,87.09729766845703,4.285999774932861,-0.010808735440081096,0.04699993133544922
2024-07-25,87.81106567382812,4.25600004196167,0.008195064881210357,-0.029999732971191406
2024-07-26,88.49628448486328,4.199999809265137,0.007803331001361213,-0.0560002326965332
2024-07-29,88.97209930419922,4.177999973297119,0.005376664366257389,-0.021999835968017578
2024-07-30,89.3147201538086,4.14300012588501,0.0038508796835055037,-0.034999847412109375
2024-07-31,90.22831726074219,4.109000205993652,0.010228964557693176,-0.03399991989135742
2024-08-01,91.00651550292969,3.9760000705718994,0.008624767321534499,-0.13300013542175293
2024-08-02,93.84242248535156,3.7920000553131104,0.031161581857626297,-0.18400001525878906
2024-08-05,94.33894348144531,3.7850000858306885,0.005291007871959463,-0.006999969482421875
2024-08-06,92.2287368774414,3.888000011444092,-0.022368351034363076,0.10299992561340332
2024-08-07,91.57943725585938,3.9679999351501465,-0.0070401009876656095,0.07999992370605469
2024-08-08,91.01608276367188,3.996999979019165,-0.006151539134419126,0.029000043869018555
2024-08-09,91.91361999511719,3.941999912261963,0.0098613036750419,-0.05500006675720215
2024-08-12,92.2478256225586,3.9089999198913574,0.003636083830221848,-0.03299999237060547
2024-08-13,92.88756561279297,3.8519999980926514,0.006935014304314757,-0.056999921798706055
2024-08-14,93.47003173828125,3.819999933242798,0.0062706576671018865,-0.032000064849853516
2024-08-15,92.71570587158203,3.9260001182556152,-0.008070242971686903,0.10600018501281738
2024-08-16,93.04035949707031,3.8919999599456787,0.0035016033414871917,-0.03400015830993652
2024-08-19,93.47003173828125,3.867000102996826,0.004618127482885148,-0.02499985694885254
2024-08-20,94.21481323242188,3.818000078201294,0.007968131392380728,-0.04900002479553223
2024-08-21,94.27210998535156,3.7780001163482666,0.0006081501513817145,-0.039999961853027344
2024-08-22,93.33635711669922,3.861999988555908,-0.009926083852347722,0.0839998722076416
2024-08-23,93.94744873046875,3.806999921798706,0.006547198033511004,-0.05500006675720215
2024-08-26,93.70873260498047,3.818000078201294,-0.0025409537854843567,0.01100015640258789
2024-08-27,93.5464096069336,3.8329999446868896,-0.0017322078053401135,0.014999866485595703
2024-08-28,93.43183135986328,3.8410000801086426,-0.0012248278426906234,0.00800013542175293
2024-08-29,93.12628936767578,3.867000102996826,-0.003270213028477076,0.026000022888183594
2024-08-30,92.13323974609375,3.9110000133514404,-0.010663472455788803,0.04399991035461426
2024-09-03,93.64010620117188,3.8440001010894775,0.016355296516554096,-0.06699991226196289
2024-09-04,94.84713745117188,3.7679998874664307,0.01289010979341354,-0.07600021362304688
2024-09-05,95.38357543945312,3.7309999465942383,0.005655816324002583,-0.03699994087219238
2024-09-06,95.37399291992188,3.7100000381469727,-0.00010046299362442834,-0.020999908447265625
2024-09-09,95.78591918945312,3.697000026702881,0.004319062848475941,-0.013000011444091797
2024-09-10,96.45649719238281,3.6459999084472656,0.007000799372226751,-0.051000118255615234
2024-09-11,96.37985229492188,3.6530001163482666,-0.0007946058554051394,0.0070002079010009766
2024-09-12,95.92961120605469,3.680000066757202,-0.00467152706863927,0.026999950408935547
2024-09-13,96.18828582763672,3.6500000953674316,0.002696504429965829,-0.029999971389770508
2024-09-16,97.069580078125,3.621000051498413,0.009162178563692391,-0.029000043869018555
2024-09-17,96.60018157958984,3.6419999599456787,-0.004835691038916234,0.020999908447265625
2024-09-18,95.4027328491211,3.684999942779541,-0.012395926290078019,0.042999982833862305
2024-09-19,95.08661651611328,3.740000009536743,-0.0033134934772545144,0.05500006675720215
2024-09-20,94.72257995605469,3.7279999256134033,-0.003828473168954405,-0.012000083923339844
2024-09-23,94.52141571044922,3.739000082015991,-0.0021237200855255267,0.01100015640258789
2024-09-24,94.50226593017578,3.7360000610351562,-0.00020259726464633143,-0.003000020980834961
2024-09-25,93.71675109863281,3.7809998989105225,-0.008312126950726806,0.04499983787536621
2024-09-26,93.93708038330078,3.7909998893737793,0.002351012834792776,0.009999990463256836
2024-09-27,94.4256362915039,3.749000072479248,0.005200884530470962,-0.04199981689453125
2024-09-30,93.97537994384766,3.802000045776367,-0.0047683697493575705,0.05299997329711914
2024-10-01,94.65389251708984,3.743000030517578,0.0072201099229138865,-0.05900001525878906
2024-10-02,93.85621643066406,3.7850000858306885,-0.008427293006272984,0.04200005531311035
2024-10-03,92.9720458984375,3.8499999046325684,-0.00942047917390465,0.06499981880187988
2024-10-04,91.82840728759766,3.9809999465942383,-0.01230088678578889,0.13100004196166992
2024-10-07,91.13644409179688,4.026000022888184,-0.007535393635148435,0.04500007629394531
2024-10-08,91.29021453857422,4.0329999923706055,0.0016872552831055376,0.006999969482421875
2024-10-09,90.77124786376953,4.066999912261963,-0.005684800692251635,0.03399991989135742
2024-10-10,90.41565704345703,4.0960001945495605,-0.003917438932272588,0.029000282287597656
2024-10-11,90.05045318603516,4.072999954223633,-0.004039166106444836,-0.023000240325927734
2024-10-14,90.11774444580078,4.0980000495910645,0.0007472617558803574,0.02500009536743164
2024-10-15,91.21332550048828,4.038000106811523,0.01215721788672175,-0.059999942779541016
2024-10-16,91.5977554321289,4.015999794006348,0.004214624667297828,-0.02200031280517578
2024-10-17,90.14655303955078,4.0960001945495605,-0.01584320910192416,0.08000040054321289
2024-10-18,90.21383666992188,4.072999954223633,0.0007463805115384137,-0.023000240325927734
2024-10-21,88.6377182006836,4.182000160217285,-0.017470917183192713,0.10900020599365234
2024-10-22,88.72421264648438,4.203999996185303,0.0009758198604001844,0.021999835968017578
2024-10-23,88.48394012451172,4.242000102996826,-0.0027080828874752605,0.03800010681152344
2024-10-24,89.05098724365234,4.199999809265137,0.0064084750107498145,-0.04200029373168945
2024-10-25,88.55121612548828,4.23199987411499,-0.005612190652043436,0.032000064849853516
2024-10-28,88.31095886230469,4.2779998779296875,-0.0027132011698531855,0.046000003814697266
2024-10-29,88.44549560546875,4.27400016784668,0.001523443351734377,-0.0039997100830078125
2024-10-30,88.70500183105469,4.265999794006348,0.0029340807444115935,-0.008000373840332031
2024-10-31,88.84915161132812,4.283999919891357,0.001625046810189712,0.018000125885009766
2024-11-01,87.59652709960938,4.361000061035156,-0.014098328335180654,0.07700014114379883
2024-11-04,88.95618438720703,4.309000015258789,0.015521817275375938,-0.05200004577636719
2024-11-05,89.42869567871094,4.289000034332275,0.0053117306543541964,-0.019999980926513672
2024-11-06,86.9793701171875,4.426000118255615,-0.027388586436764006,0.13700008392333984
2024-11-07,88.06903839111328,4.341000080108643,0.01252789336664173,-0.08500003814697266
2024-11-08,89.18761444091797,4.306000232696533,0.012701127095734899,-0.034999847412109375
2024-11-11,88.7536849975586,4.308000087738037,-0.004865355420475281,0.0019998550415039062
2024-11-12,87.42295837402344,4.432000160217285,-0.014993480254614333,0.12400007247924805
2024-11-13,86.59367370605469,4.451000213623047,-0.009485891159400128,0.01900005340576172
2024-11-14,87.0950927734375,4.418000221252441,0.0057904815204503635,-0.03299999237060547
2024-11-15,86.86366271972656,4.427999973297119,-0.002657211173917262,0.009999752044677734
2024-11-18,87.01795196533203,4.414000034332275,0.001776223115335318,-0.01399993896484375
2024-11-19,87.46153259277344,4.379000186920166,0.005097576045206553,-0.034999847412109375
2024-11-20,87.181884765625,4.406000137329102,-0.0031973808239845747,0.026999950408935547
2024-11-21,87.1143798828125,4.432000160217285,-0.0007742994200455877,0.026000022888183594
2024-11-22,87.16259002685547,4.409999847412109,0.0005534120096799544,-0.02200031280517578
2024-11-25,89.41903686523438,4.264999866485596,0.025887790136613464,-0.14499998092651367
2024-11-26,89.07190704345703,4.302000045776367,-0.003882057265954586,0.037000179290771484
2024-11-27,89.68904113769531,4.242000102996826,0.00692849310992294,-0.059999942779541016
2024-11-29,90.61476135253906,4.177999973297119,0.010321441762573214,-0.06400012969970703
2024-12-02,90.8324966430664,4.196000099182129,0.0024028677808931587,0.018000125885009766
2024-12-03,90.04869842529297,4.2230000495910645,-0.008629050689352269,0.026999950408935547
2024-12-04,91.01634216308594,4.179999828338623,0.010745782612235688,-0.043000221252441406
2024-12-05,91.2001953125,4.179999828338623,0.0020200015188989173,0.0
2024-12-06,91.33565521240234,4.151000022888184,0.0014853027390806517,-0.028999805450439453
2024-12-09,90.49381256103516,4.198999881744385,-0.009217020991522662,0.04799985885620117
2024-12-10,90.06805419921875,4.2210001945495605,-0.004704833952368204,0.02200031280517578
2024-12-11,89.2165298461914,4.270999908447266,-0.009454232808714602,0.04999971389770508
2024-12-12,88.13277435302734,4.323999881744385,-0.012147474184800111,0.05299997329711914
2024-12-13,87.23286437988281,4.39900016784668,-0.010210843579481876,0.07500028610229492
2024-12-16,87.49412536621094,4.396999835968018,0.00299498346392002,-0.0020003318786621094
2024-12-17,87.70702362060547,4.385000228881836,0.002433286274974966,-0.01199960708618164
2024-12-18,86.61029052734375,4.49399995803833,-0.012504507027919054,0.10899972915649414
2024-12-19,85.29889678955078,4.570000171661377,-0.015141315538930611,0.07600021362304688
2024-12-20,85.78459930419922,4.52400016784668,0.005694124225859021,-0.046000003814697266
2024-12-23,84.99776458740234,4.598999977111816,-0.009172214164067993,0.07499980926513672
2024-12-24,85.35719299316406,4.591000080108643,0.00422868068950355,-0.007999897003173828
2024-12-26,85.30862426757812,4.578999996185303,-0.0005690056559126688,-0.012000083923339844
2024-12-27,84.60920715332031,4.61899995803833,-0.008198668308892487,0.039999961853027344
2024-12-30,85.28919982910156,4.545000076293945,0.008036863819667284,-0.07399988174438477
2024-12-31,84.83262634277344,4.572999954223633,-0.005353239182018132,0.0279998779296875
2025-01-02,85.0657730102539,4.574999809265137,0.0027483136799091312,0.0019998550415039062
2025-01-03,84.79376983642578,4.5960001945495605,-0.0031975630644693886,0.021000385284423828
2025-01-06,84.4149169921875,4.618000030517578,-0.00446793254939748,0.021999835968017578
2025-01-07,83.46294403076172,4.683000087738037,-0.011277307321333807,0.06500005722045898
2025-01-08,83.56981658935547,4.692999839782715,0.0012804791375962132,0.009999752044677734
2025-01-10,83.01609802246094,4.776000022888184,-0.0066258200567244074,0.08300018310546875
2025-01-13,82.98695373535156,4.802999973297119,-0.00035106789892114243,0.026999950408935547
2025-01-14,82.8509750366211,4.788000106811523,-0.0016385551295702294,-0.014999866485595703
2025-01-15,84.2789306640625,4.6529998779296875,0.017235230204716734,-0.13500022888183594
2025-01-16,84.5509262084961,4.605999946594238,0.003227325528343261,-0.04699993133544922
2025-01-17,84.6966323852539,4.609000205993652,0.0017232948625365285,0.0030002593994140625
2025-01-21,85.45433044433594,4.573999881744385,0.008946023445602247,-0.03500032424926758
2025-01-22,85.00748443603516,4.598999977111816,-0.005229062190029721,0.02500009536743164
2025-01-23,84.34691619873047,4.638000011444092,-0.007770706799372973,0.03900003433227539
2025-01-24,84.72577667236328,4.625999927520752,0.004491693243890316,-0.012000083923339844
2025-01-27,85.726318359375,4.5279998779296875,0.011809176927121579,-0.09800004959106445
2025-01-28,85.66803741455078,4.551000118255615,-0.0006798489185071421,0.023000240325927734
2025-01-29,85.49317169189453,4.554999828338623,-0.0020412014554513913,0.0039997100830078125
2025-01-30,85.81373596191406,4.51200008392334,0.0037495891622174593,-0.0429997444152832
2025-01-31,85.25033569335938,4.568999767303467,-0.0065653856254986875,0.05699968338012695
2025-02-03,85.94444274902344,4.543000221252441,0.008141986187136352,-0.02599954605102539
2025-02-04,86.20764923095703,4.513000011444092,0.0030625189193700386,-0.03000020980834961
2025-02-05,87.6309585571289,4.421999931335449,0.016510244031347154,-0.09100008010864258
2025-02-06,87.59197235107422,4.440000057220459,-0.00044489078627696355,0.018000125885009766
2025-02-07,87.02654266357422,4.486999988555908,-0.0064552683576266645,0.04699993133544922
2025-02-10,86.76333618164062,4.493000030517578,-0.0030244391409537386,0.006000041961669922
2025-02-11,86.20764923095703,4.5370001792907715,-0.006404628673109758,0.04400014877319336
2025-02-12,85.03781127929688,4.63700008392334,-0.013570001758499095,0.09999990463256836
2025-02-13,86.45137786865234,4.525000095367432,0.01662280070582689,-0.1119999885559082
2025-02-14,86.90956115722656,4.4720001220703125,0.00529989573179912,-0.05299997329711914
2025-02-18,85.88594055175781,4.544000148773193,-0.011777997631548631,0.07200002670288086
2025-02-19,85.9931869506836,4.534999847412109,0.0012487072766136365,-0.009000301361083984
2025-02-20,86.31488037109375,4.5,0.0037409175286717833,-0.034999847412109375
2025-02-21,87.35800170898438,4.420000076293945,0.01208506961263156,-0.07999992370605469
2025-02-24,87.61146545410156,4.39300012588501,0.0029014370768409847,-0.026999950408935547
2025-02-25,89.12251281738281,4.297999858856201,0.017247141746223438,-0.0950002670288086
2025-02-26,89.64894104003906,4.249000072479248,0.005906792863155985,-0.048999786376953125
2025-02-27,89.01527404785156,4.284999847412109,-0.007068315418299109,0.03599977493286133
2025-02-28,90.10713195800781,4.230999946594238,0.012265961340177434,-0.053999900817871094
2025-03-03,90.52764892578125,4.179999828338623,0.00466685553779933,-0.051000118255615234
2025-03-04,89.41279602050781,4.210000038146973,-0.012315054223792421,0.03000020980834961
2025-03-05,88.69889831542969,4.264999866485596,-0.007984290133532856,0.05499982833862305
2025-03-06,88.405517578125,4.285999774932861,-0.0033076029452064892,0.020999908447265625
2025-03-07,88.1219253540039,4.316999912261963,-0.003207856612235549,0.031000137329101562
2025-03-10,89.04117584228516,4.2129998207092285,0.01043157516802351,-0.10400009155273438
2025-03-11,88.405517578125,4.288000106811523,-0.007138924864223184,0.07500028610229492
2025-03-12,87.87743377685547,4.317999839782715,-0.005973425819297495,0.029999732971191406
2025-03-13,88.65000915527344,4.27400016784668,0.008791510461943375,-0.043999671936035156
2025-03-14,88.18058013916016,4.308000087738037,-0.005295307023500229,0.03399991989135742
2025-03-17,88.62066650390625,4.306000232696533,0.0049907401839677235,-0.0019998550415039062
2025-03-18,88.70868682861328,4.281000137329102,0.0009932257133629108,-0.02500009536743164
2025-03-19,89.16830444335938,4.25600004196167,0.00518120187749016,-0.02500009536743164
2025-03-20,89.22698211669922,4.232999801635742,0.0006580552776700443,-0.023000240325927734
2025-03-21,88.69889831542969,4.251999855041504,-0.005918431720338346,0.01900005340576172
2025-03-24,87.78941345214844,4.330999851226807,-0.01025362073886138,0.07899999618530273
2025-03-25,87.77964782714844,4.307000160217285,-0.00011123921001388037,-0.023999691009521484
2025-03-26,87.20265197753906,4.3379998207092285,-0.006573230400121588,0.03099966049194336
2025-03-27,86.94840240478516,4.36899995803833,-0.0029156174380957633,0.031000137329101562
2025-03-28,88.15125274658203,4.255000114440918,0.013834070650281083,-0.11399984359741211
2025-03-31,89.0216293334961,4.245999813079834,0.009873672350592999,-0.009000301361083984
2025-04-01,89.79303741455078,4.156000137329102,0.00866540060915777,-0.08999967575073242
2025-04-02,89.73414611816406,4.196000099182129,-0.0006558559336269365,0.039999961853027344
2025-04-03,90.14635467529297,4.054999828338623,0.0045936644517250436,-0.14100027084350586
2025-04-04,91.12781524658203,3.984999895095825,0.010887412750346659,-0.06999993324279785
2025-04-07,88.37975311279297,4.15500020980835,-0.03015612879945717,0.17000031471252441
2025-04-08,86.71127319335938,4.26200008392334,-0.01887853111904747,0.10699987411499023
2025-04-09,87.22164154052734,4.400000095367432,0.005885836159156499,0.1380000114440918
2025-04-10,84.81707763671875,4.394000053405762,-0.027568432115455233,-0.006000041961669922
2025-04-11,85.27836608886719,4.493000030517578,0.00543862704306064,0.0989999771118164
2025-04-14,85.8868637084961,4.363999843597412,0.007135427747229528,-0.12900018692016602
2025-04-15,86.19112396240234,4.322999954223633,0.0035425703159790434,-0.0409998893737793
2025-04-16,86.6720199584961,4.2789998054504395,0.005579414375702196,-0.04400014877319336
2025-04-17,85.90648651123047,4.333000183105469,-0.008832532663161752,0.0540003776550293
2025-04-21,84.40486907958984,4.40500020980835,-0.017479674616238894,0.07200002670288086
2025-04-22,84.87596893310547,4.388999938964844,0.005581429823336315,-0.01600027084350586
2025-04-23,85.70039367675781,4.38700008392334,0.009713288154649558,-0.0019998550415039062
2025-04-24,86.60331726074219,4.304999828338623,0.010535816059258574,-0.0820002555847168
2025-04-25,87.24125671386719,4.265999794006348,0.007366224219844897,-0.03900003433227539
2025-04-28,87.7908706665039,4.216000080108643,0.00629993163027609,-0.04999971389770508
2025-04-29,88.52696990966797,4.172999858856201,0.008384690088794278,-0.043000221252441406
2025-04-30,87.81050872802734,4.177000045776367,-0.008093140230278961,0.004000186920166016
2025-05-01,87.36526489257812,4.230999946594238,-0.005070507413050707,0.053999900817871094
2025-05-02,86.41959381103516,4.322000026702881,-0.010824337140232343,0.09100008010864258
2025-05-05,85.9369125366211,4.3429999351501465,-0.005585322183641495,0.020999908447265625
2025-05-06,86.22257995605469,4.308000087738037,0.0033241526952909606,-0.034999847412109375
2025-05-07,86.58706665039062,4.275000095367432,0.00422727659647526,-0.03299999237060547
2025-05-08,85.62168884277344,4.373000144958496,-0.011149214830374787,0.09800004959106445
2025-05-09,85.74976348876953,4.375,0.0014958201330421694,0.0019998550415039062
2025-05-12,84.95185089111328,4.456999778747559,-0.00930512884459156,0.0819997787475586
2025-05-13,84.6070785522461,4.499000072479248,-0.004058444109818149,0.04200029373168945
2025-05-14,84.04560089111328,4.5279998779296875,-0.006636296521999485,0.028999805450439453
2025-05-15,84.78439331054688,4.454999923706055,0.008790375838834796,-0.07299995422363281
2025-05-16,85.0109634399414,4.440999984741211,0.0026723093785039342,-0.01399993896484375
2025-05-19,84.76469421386719,4.474999904632568,-0.0028969113642407507,0.03399991989135742
2025-05-20,84.1539535522461,4.480999946594238,-0.007205130240665492,0.006000041961669922
2025-05-21,82.71575927734375,4.5960001945495605,-0.017090038128861673,0.11500024795532227
2025-05-22,83.14918518066406,4.552999973297119,0.005239943477603148,-0.043000221252441406
2025-05-23,83.28710174560547,4.508999824523926,0.0016586640583637902,-0.04400014877319336
2025-05-27,84.44947814941406,4.434000015258789,0.013956259486120448,-0.07499980926513672
2025-05-28,84.08499908447266,4.4770002365112305,-0.004315942181389754,0.043000221252441406
2025-05-29,84.86319732666016,4.423999786376953,0.009254899811626416,-0.053000450134277344
2025-05-30,84.99126434326172,4.415999889373779,0.0015090995936506424,-0.007999897003173828
2025-06-02,84.20027160644531,4.461999893188477,-0.00930675338140341,0.046000003814697266
2025-06-03,84.05197143554688,4.460000038146973,-0.001761279008595129,-0.0019998550415039062
2025-06-04,85.41641235351562,4.364999771118164,0.01623330059563255,-0.0950002670288086
2025-06-05,85.4757308959961,4.394000053405762,0.000694463052779204,0.029000282287597656
2025-06-06,84.38812255859375,4.510000228881836,-0.012724177096838263,0.11600017547607422
2025-06-09,84.47711944580078,4.48199987411499,0.0010546139019176337,-0.028000354766845703
2025-06-10,84.91214752197266,4.473999977111816,0.005149655658547747,-0.007999897003173828
2025-06-11,85.16922760009766,4.4120001792907715,0.0030276007099983016,-0.06199979782104492
2025-06-12,86.1876220703125,4.35699987411499,0.011957305460096546,-0.05500030517578125
2025-06-13,85.35709381103516,4.423999786376953,-0.009636282326014212,0.06699991226196289
2025-06-16,84.49688720703125,4.452000141143799,-0.010077740063505924,0.028000354766845703
2025-06-17,85.5251693725586,4.39300012588501,0.01216946800664842,-0.05900001525878906
2025-06-18,85.6734848022461,4.396999835968018,0.001734172884726215,0.0039997100830078125
2025-06-20,85.5152816772461,4.375,-0.0018465821177365838,-0.021999835968017578
2025-06-23,85.79212188720703,4.320000171661377,0.003237318576646775,-0.05499982833862305
2025-06-24,86.41503143310547,4.293000221252441,0.0072606846898761734,-0.026999950408935547
2025-06-25,86.52378845214844,4.293000221252441,0.0012585428395888165,0.0
2025-06-26,86.95882415771484,4.252999782562256,0.005027931778634587,-0.04000043869018555
2025-06-27,86.40514373779297,4.2829999923706055,-0.006367156240724703,0.03000020980834961
2025-06-30,87.25544738769531,4.230000019073486,0.009840891561765153,-0.05299997329711914
2025-07-01,87.47179412841797,4.250999927520752,0.0024794640013863223,0.020999908447265625
2025-07-02,86.91604614257812,4.293000221252441,-0.006353453606129822,0.04200029373168945
2025-07-03,86.31066131591797,4.3480000495910645,-0.0069651675786893685,0.05499982833862305
2025-07-07,85.4869613647461,4.394999980926514,-0.00954343227839416,0.04699993133544922
2025-07-08,85.37779235839844,4.414999961853027,-0.0012770252282318095,0.019999980926513672
2025-07-09,86.27096557617188,4.3420000076293945,0.010461423200357256,-0.07299995422363281
2025-07-10,86.33050537109375,4.3460001945495605,0.0006901487021064856,0.004000186920166016
2025-07-11,85.13961029052734,4.422999858856201,-0.01379460337278593,0.07699966430664062
2025-07-14,84.96097564697266,4.427000045776367,-0.002098137904849695,0.004000186920166016
2025-07-15,84.36553192138672,4.488999843597412,-0.00700843794520567,0.06199979782104492
2025-07-16,84.48461151123047,4.454999923706055,0.0014114720447055973,-0.03399991989135742
2025-07-17,84.46476745605469,4.4629998207092285,-0.00023488366485702183,0.007999897003173828
2025-07-18,84.59378051757812,4.432000160217285,0.0015274186552465263,-0.03099966049194336
2025-07-21,85.3480224609375,4.372000217437744,0.00891604487640385,-0.059999942779541016
2025-07-22,85.86407470703125,4.335999965667725,0.006046446434420094,-0.03600025177001953
2025-07-23,85.3877182006836,4.388000011444092,-0.005547797585579106,0.05200004577636719
2025-07-24,85.23884582519531,4.4079999923706055,-0.001743486986481968,0.019999980926513672
2025-07-25,85.7747573852539,4.386000156402588,0.006287175229444442,-0.021999835968017578
2025-07-28,85.21900177001953,4.420000076293945,-0.006479244385830474,0.03399991989135742
2025-07-29,86.65801239013672,4.329999923706055,0.016886029995993646,-0.09000015258789062
2025-07-30,86.21142578125,4.375999927520752,-0.005153437017181628,0.046000003814697266
2025-07-31,86.26103973388672,4.360000133514404,0.0005754916147959754,-0.015999794006347656
2025-08-01,87.48738098144531,4.21999979019165,0.014216629562335825,-0.1400003433227539
2025-08-04,87.72647094726562,4.199999809265137,0.0027328508767570092,-0.019999980926513672
2025-08-05,87.99545288085938,4.196000099182129,0.0030661433281118367,-0.0039997100830078125
2025-08-06,87.48738098144531,4.21999979019165,-0.005773842656415007,0.023999691009521484
2025-08-07,87.33794403076172,4.24399995803833,-0.0017080972022157637,0.024000167846679688
2025-08-08,86.95938873291016,4.284999847412109,-0.004334373817160508,0.0409998893737793
2025-08-11,87.05900573730469,4.2729997634887695,0.0011455577810062234,-0.012000083923339844
2025-08-12,86.62067413330078,4.293000221252441,-0.0050348795083480224,0.020000457763671875
2025-08-13,87.33794403076172,4.23799991607666,0.008280585491139636,-0.05500030517578125
2025-08-14,86.6904067993164,4.293000221252441,-0.007414157026838675,0.05500030517578125
2025-08-15,86.07276153564453,4.328000068664551,-0.007124724481933575,0.034999847412109375
2025-08-18,85.8237075805664,4.341000080108643,-0.0028935281108064537,0.013000011444091797
2025-08-19,86.32181549072266,4.302000045776367,0.005803849824230101,-0.03900003433227539
2025-08-20,86.5110855102539,4.296000003814697,0.0021926093474202712,-0.006000041961669922
2025-08-21,86.08272552490234,4.329999923706055,-0.004951503993101403,0.03399991989135742
2025-08-22,86.72029876708984,4.260000228881836,0.0074065178385072095,-0.06999969482421875
2025-08-25,86.47124481201172,4.275000095367432,-0.0028719222444911763,0.014999866485595703
2025-08-26,86.42143249511719,4.257999897003174,-0.0005760564335903773,-0.017000198364257812
2025-08-27,86.32181549072266,4.23799991607666,-0.0011526886504705791,-0.019999980926513672
2025-08-28,86.88965606689453,4.206999778747559,0.006578181574887099,-0.031000137329101562
2025-08-29,86.27200317382812,4.2270002365112305,-0.007108474368812012,0.020000457763671875
2025-09-02,85.62999725341797,4.2769999504089355,-0.007441648469858619,0.04999971389770508
2025-09-03,86.56999969482422,4.210999965667725,0.010977490033362347,-0.06599998474121094
2025-09-04,87.2300033569336,4.176000118255615,0.007623930512140609,-0.034999847412109375
2025-09-05,88.55999755859375,4.085999965667725,0.015246980975318847,-0.09000015258789062
2025-09-08,89.73999786376953,4.046000003814697,0.013324303722965336,-0.039999961853027344
2025-09-09,89.2300033569336,4.073999881744385,-0.005683023389527309,0.0279998779296875
2025-09-10,89.73999786376953,4.0320000648498535,0.005715504736628629,-0.04199981689453125
2025-09-11,90.33999633789062,4.011000156402588,0.006685964880809525,-0.020999908447265625
2025-09-12,89.94999694824219,4.060999870300293,-0.004317017992670258,0.04999971389770508
2025-09-15,90.16000366210938,4.033999919891357,0.002334705069395593,-0.026999950408935547
2025-09-16,90.3499984741211,4.026000022888184,0.0021073070573927044,-0.007999897003173828
2025-09-17,90.12000274658203,4.076000213623047,-0.002545608538166655,0.05000019073486328
2025-09-18,89.19000244140625,4.104000091552734,-0.010319576973282452,0.0279998779296875
2025-09-19,89.0199966430664,4.138999938964844,-0.0019061082373165172,0.034999847412109375
2025-09-22,88.69999694824219,4.14300012588501,-0.0035946945280989073,0.004000186920166016
2025-09-23,89.31999969482422,4.119999885559082,0.006989884643894717,-0.023000240325927734
